Rowid,OBJECTID_1,ZONE_CODE,COUNT,AREA,MIN,MAX,RANGE,MEAN,STD,SUM,VARIETY,MAJORITY,MINORITY,MEDIAN
1,TUA1-1,1,818,788521.980865624267608,477,639,162,568.723716381418058,29.632458412482542,465216.000000000000000,140,569,477,572
2,TUA1-2,2,78,75189.137539753908641,541,636,95,592.217948717948730,26.076144632003761,46193.000000000000000,50,567,541,587
3,TUA1-3,3,103,99288.220084546817816,560,635,75,594.466019417475763,20.309649308364534,61230.000000000000000,58,584,560,591
4,TUA1-4,4,104,100252.183386338540004,556,634,78,598.500000000000000,16.992079602884669,62244.000000000000000,49,622,556,596
5,TUA1-5,5,117,112783.706309630855685,562,637,75,602.957264957265011,18.860891189208072,70546.000000000000000,58,610,562,602
6,TUA1-6,6,116,111819.743007839133497,569,631,62,600.827586206896513,16.863179569942677,69696.000000000000000,53,609,569,604
7,TUA1-7,7,103,99288.220084546817816,563,618,55,590.320388349514587,14.246930238067927,60803.000000000000000,47,582,566,588
8,TUA1-8,8,105,101216.146688130262191,562,622,60,590.028571428571468,15.851968267668259,61953.000000000000000,47,573,562,589
9,TUA1-9,9,94,90612.550368421376334,569,637,68,600.765957446808557,15.930317363985228,56472.000000000000000,51,583,569,599
10,TUA1-10,10,107,103144.073291713692015,567,658,91,601.224299065420610,23.829734198797052,64331.000000000000000,53,578,567,592
11,TUA1-11,11,107,103144.073291713692015,561,660,99,606.093457943925273,25.638585374494408,64852.000000000000000,71,600,561,602
12,TUA1-12,12,103,99288.220084546817816,566,662,96,606.048543689320354,23.276046540153370,62423.000000000000000,60,596,566,602
13,TUB1-1,13,24,23135.119243001201539,485,594,109,530.791666666666629,34.052629813602472,12739.000000000000000,22,485,486,531
14,TUB1-2,14,161,155198.091588466399116,480,589,109,536.198757763975209,32.877491380131133,86328.000000000000000,73,499,480,547
15,TUB1-3,15,110,106035.963197088844026,483,587,104,533.909090909090878,27.402901457044422,58730.000000000000000,63,545,483,538
16,TUB1-4,16,96,92540.476972004806157,461,579,118,514.927083333333371,22.820515619935264,49433.000000000000000,58,527,461,519
17,TUB1-5,17,101,97360.293480963387992,443,569,126,495.346534653465369,27.368926386610489,50030.000000000000000,67,500,443,497
18,TUB1-6,18,106,102180.109989921969827,433,575,142,486.226415094339643,37.064778332114749,51540.000000000000000,63,520,433,479
19,TUB1-7,19,102,98324.256782755110180,428,533,105,466.205882352941160,28.367800800567451,47553.000000000000000,56,452,429,457
20,TUB1-8,20,105,101216.146688130262191,428,538,110,471.504761904761892,36.925697287680393,49508.000000000000000,60,436,428,460
21,TUB1-9,21,100,96396.330179171665804,427,530,103,449.550000000000011,23.459060083473080,44955.000000000000000,44,434,427,440
22,TUB1-10,22,100,96396.330179171665804,427,533,106,457.310000000000002,35.327523264446462,45731.000000000000000,45,432,437,436
23,TUB1-11,23,105,101216.146688130262191,428,529,101,453.704761904761881,25.407506880756859,47639.000000000000000,48,436,428,442
24,TUB1-12,24,105,101216.146688130262191,432,507,75,453.704761904761881,18.997706031706453,47639.000000000000000,44,435,432,447
25,TUB1-13,25,104,100252.183386338540004,436,509,73,458.673076923076906,18.080185875752761,47702.000000000000000,46,447,437,454
26,TUA2-1,26,95,91576.513670213083969,568,628,60,600.452631578947376,13.933502541529846,57043.000000000000000,46,594,568,600
27,TUA2-2,27,21,20243.229337626049528,583,630,47,605.047619047619037,13.868347621819959,12706.000000000000000,18,584,583,606
28,TUA2-3,28,31,29882.862355543220474,587,636,49,610.580645161290363,13.030421461130416,18928.000000000000000,29,603,587,611
29,TUA2-4,29,63,60729.688012878155860,584,632,48,613.634920634920604,10.852988158928802,38659.000000000000000,33,618,584,616
30,TUA2-5,30,65,62657.614616461585683,570,629,59,603.138461538461570,15.588829257937640,39204.000000000000000,34,574,570,606
31,TUA2-6,31,88,84828.770557671072311,572,628,56,598.647727272727252,14.842383854054621,52681.000000000000000,42,598,573,598
32,TUA2-7,32,88,84828.770557671072311,559,616,57,585.931818181818130,13.199341800520697,51562.000000000000000,46,576,559,584
33,TUA2-8,33,104,100252.183386338540004,558,609,51,581.644230769230717,11.831280466848428,60491.000000000000000,41,574,558,582
34,TUA2-9,34,99,95432.366877379958169,551,623,72,584.060606060606005,19.735533344716284,57822.000000000000000,54,597,551,584
35,TUA2-10,35,83,80008.954048712490476,567,639,72,606.542168674698814,19.092861975863627,50343.000000000000000,50,614,567,607
36,TUA2-11,36,62,59765.724711086440948,571,634,63,599.564516129032313,16.376242595296585,37173.000000000000000,42,584,571,597
37,TUA2-12,37,86,82900.843954087642487,575,645,70,601.406976744186068,20.095341301473432,51721.000000000000000,43,583,576,594
38,TUB2-1,38,21,20243.229337626049528,573,599,26,583.285714285714334,7.740695533795791,12249.000000000000000,15,579,573,579
39,TUB2-2,39,55,53017.981598544422013,536,608,72,568.236363636363649,14.795532048392699,31253.000000000000000,37,565,536,567
40,TUB2-3,40,78,75189.137539753908641,524,586,62,548.397435897435912,17.425548399265022,42775.000000000000000,47,527,524,545
41,TUB2-4,41,93,89648.587066629654146,516,582,66,542.215053763440892,16.255255204741204,50426.000000000000000,44,541,516,541
42,TUB2-5,42,104,100252.183386338540004,513,585,72,546.240384615384642,19.390964981892051,56809.000000000000000,50,546,517,548
43,TUB2-6,43,56,53981.944900336136925,554,600,46,575.821428571428555,10.337357950066018,32246.000000000000000,27,580,554,579
44,TUB2-7,44,32,30846.825657334935386,555,612,57,585.562500000000000,14.363446444011966,18738.000000000000000,27,586,555,586
45,TUB2-8,45,30,28918.899053751501924,556,664,108,603.200000000000045,23.534938566592775,18096.000000000000000,24,596,556,598
46,TUA3-1,46,93,89648.587066629654146,567,651,84,601.752688172043008,19.765102250362538,55963.000000000000000,54,602,567,602
47,TUA3-2,47,111,106999.926498880551662,568,664,96,611.189189189189165,19.869626199013432,67842.000000000000000,59,612,568,613
48,TUA3-3,48,108,104108.036593505414203,583,670,87,620.435185185185219,18.409575380936918,67007.000000000000000,54,630,583,620
49,TUA3-4,49,99,95432.366877379958169,591,669,78,626.000000000000000,17.420526613014530,61974.000000000000000,51,600,591,626
50,TUA3-5,50,107,103144.073291713692015,599,675,76,636.252336448598157,18.729802059691604,68079.000000000000000,57,632,600,636
51,TUA3-6,51,119,114711.632913214285509,606,686,80,647.974789915966426,19.046366328882559,77109.000000000000000,60,646,606,649
52,TUA3-7,52,108,104108.036593505414203,618,689,71,654.231481481481524,17.738640852294505,70657.000000000000000,50,646,618,653
53,TUA3-8,53,102,98324.256782755110180,622,700,78,659.323529411764753,18.517697822387341,67251.000000000000000,57,647,624,658
54,TUA3-9,54,113,108927.853102463996038,632,713,81,667.778761061946852,18.351887131761366,75459.000000000000000,56,672,632,667
55,TUA3-10,55,103,99288.220084546817816,626,720,94,672.000000000000000,21.849440685116569,69216.000000000000000,54,668,626,673
56,TUA3-11,56,115,110855.779706047425861,625,729,104,678.913043478260875,26.051642764655529,78075.000000000000000,64,676,625,678
57,TUB3-1,57,32,30846.825657334935386,594,665,71,639.187500000000000,20.499142512554030,20454.000000000000000,26,661,594,642
58,TUB3-2,58,43,41450.421977043821244,604,672,68,631.302325581395394,20.656138097507313,27146.000000000000000,30,615,604,627
59,TUB3-3,59,61,58801.761409294718760,585,670,85,634.278688524590166,20.018950978511242,38691.000000000000000,42,623,585,636
60,TUB3-4,60,65,62657.614616461585683,578,679,101,629.953846153846143,28.259473983471409,40947.000000000000000,49,638,578,629
61,TUB3-5,61,69,66513.467823628452606,576,680,104,636.086956521739125,29.069002929529098,43890.000000000000000,47,596,576,633
62,TUB3-6,62,70,67477.431125420174794,577,681,104,641.942857142857179,27.582544021425203,44936.000000000000000,47,662,577,647
63,TUB3-7,63,43,41450.421977043821244,624,686,62,658.046511627906966,15.350105655832525,28296.000000000000000,29,656,624,656
64,TUB3-8,64,84,80972.917350504198112,577,714,137,651.357142857142890,36.260185057555042,54714.000000000000000,63,681,577,652
65,TUB3-9,65,64,61693.651314669870771,596,718,122,675.203125000000000,32.640647438958297,43213.000000000000000,44,696,596,688
66,TUB3-10,66,80,77117.064143337338464,584,725,141,674.412500000000023,40.500214119803665,53953.000000000000000,57,697,584,686
67,TUB3-11,67,73,70369.321030795326806,625,815,190,721.876712328767098,46.443645393211838,52697.000000000000000,52,710,625,714
68,TUB3-12,68,70,67477.431125420174794,628,812,184,740.600000000000023,36.635813859430151,51842.000000000000000,54,723,628,732
69,TDA1-1,69,816,786594.054262040881440,579,715,136,643.660539215686299,29.558868011826966,525227.000000000000000,131,645,579,643
70,TDA1-2,70,105,101216.146688130262191,589,724,135,668.180952380952363,39.381354290573512,70159.000000000000000,74,638,589,671
71,TDA1-3,71,102,98324.256782755110180,591,736,145,683.294117647058783,35.230219936448250,69696.000000000000000,63,668,591,684
72,TDA1-4,72,100,96396.330179171665804,650,745,95,705.120000000000005,27.305779607988192,70512.000000000000000,58,701,650,710
73,TDA1-5,73,126,121459.376025756311719,654,778,124,716.753968253968310,33.695340572791281,90311.000000000000000,78,753,654,714
74,TDA1-6,74,110,106035.963197088844026,678,822,144,757.990909090909099,34.033538392844214,83379.000000000000000,68,778,678,767
75,TDA1-7,75,103,99288.220084546817816,697,838,141,787.466019417475763,36.005343598556465,81109.000000000000000,65,805,697,799
76,TDA1-8,76,103,99288.220084546817816,706,866,160,809.223300970873765,39.371255602842943,83350.000000000000000,73,824,706,822
77,TDA1-9,77,95,91576.513670213083969,715,911,196,838.263157894736878,49.106588801421196,79635.000000000000000,72,890,715,851
78,TDA1-10,78,99,95432.366877379958169,690,953,263,854.979797979798036,72.009115556236338,84643.000000000000000,81,801,690,873
79,TDA1-11,79,113,108927.853102463996038,770,983,213,911.079646017699133,56.874048328969998,102952.000000000000000,82,946,770,935
80,TDB1-1,80,386,372089.834491602669004,576,670,94,603.927461139896423,21.632826770265631,233116.000000000000000,81,590,576,596
81,TDB1-2,81,113,108927.853102463996038,578,642,64,593.017699115044252,9.410954171748141,67011.000000000000000,32,587,578,591
82,TDB1-3,82,107,103144.073291713692015,579,610,31,591.532710280373863,8.172575243598276,63294.000000000000000,29,586,580,588
83,TDB1-4,83,110,106035.963197088844026,576,612,36,590.790909090909054,8.225343822100916,64987.000000000000000,33,585,592,588
84,TDB1-5,84,81,78081.027445129060652,568,593,25,580.950617283950578,4.177840527215011,47057.000000000000000,20,580,568,581
85,TDB1-6,85,81,78081.027445129060652,567,594,27,578.358024691357969,5.959345067121953,46847.000000000000000,23,577,567,577
86,TDB1-7,86,85,81936.880652295920299,564,605,41,579.211764705882388,6.705737872540531,49233.000000000000000,28,579,564,578
87,TDB1-8,87,38,36630.605468085239409,572,593,21,579.131578947368439,4.378001542587011,22007.000000000000000,16,576,572,578
88,TDB1-9,88,60,57837.798107503003848,569,612,43,582.000000000000000,8.677557259966655,34920.000000000000000,28,578,569,580
89,TDB1-10,89,80,77117.064143337338464,564,633,69,583.987499999999955,19.865481211136299,46719.000000000000000,37,568,565,575
90,TDA2-1,90,106,102180.109989921969827,783,1006,223,940.650943396226467,56.042780568302696,99709.000000000000000,75,968,783,961
91,TDA2-2,91,100,96396.330179171665804,810,1029,219,963.509999999999991,53.816074736085561,96351.000000000000000,69,1009,810,979
92,TDA2-3,92,99,95432.366877379958169,846,1063,217,992.111111111111086,43.344727846633766,98219.000000000000000,73,991,846,991
93,TDA2-4,93,89,85792.733859462794499,844,1066,222,992.235955056179819,53.919211825313511,88309.000000000000000,68,978,844,993
94,TDA2-5,94,113,108927.853102463996038,931,1075,144,1016.132743362831889,41.912573234399012,114823.000000000000000,80,1059,931,1026
95,TDA2-6,95,107,103144.073291713692015,882,1070,188,1003.383177570093494,56.789765574575135,107362.000000000000000,70,1044,882,1036
96,TDA2-7,96,119,114711.632913214285509,819,1071,252,982.798319327731065,80.653380141614790,116953.000000000000000,80,1052,819,1006
97,TDA2-8,97,98,94468.403575588235981,804,1077,273,972.755102040816382,90.415487794696247,95330.000000000000000,73,1054,804,989
98,TDA2-9,98,48,46270.238486002403079,1048,1078,30,1063.062500000000000,7.189130249898105,51027.000000000000000,26,1061,1048,1061
99,TDA2-10,99,78,75189.137539753908641,1002,1082,80,1064.576923076923094,16.117771073528399,83037.000000000000000,37,1082,1002,1068
100,TDB2-1,100,214,206288.146583427384030,644,736,92,689.953271028037420,23.205656407443485,147650.000000000000000,79,674,644,685
101,TDB2-2,101,92,88684.623764837946510,650,757,107,715.271739130434753,23.008553825683396,65805.000000000000000,55,711,650,715
102,TDB2-3,102,82,79044.990746920768288,678,773,95,733.792682926829229,27.431394603174763,60171.000000000000000,51,717,678,741
103,TDB2-4,103,90,86756.697161254502134,675,778,103,729.822222222222194,32.888220713933052,65684.000000000000000,58,682,675,728
104,TDB2-5,104,108,104108.036593505414203,658,796,138,738.101851851851848,38.441619954403166,79715.000000000000000,78,723,658,746
105,TDB2-6,105,110,106035.963197088844026,659,809,150,758.463636363636397,38.747123593588640,83431.000000000000000,74,739,659,767
106,TDB2-7,106,113,108927.853102463996038,651,844,193,758.566371681415944,56.092192775600559,85718.000000000000000,82,806,652,774
107,TDB2-8,107,110,106035.963197088844026,647,865,218,764.427272727272680,67.504270449547491,84087.000000000000000,84,679,647,774
108,TDB2-9,108,105,101216.146688130262191,670,881,211,787.523809523809518,60.197784366456702,82690.000000000000000,86,770,670,797
109,TDB2-10,109,113,108927.853102463996038,685,908,223,814.486725663716811,56.417394393606443,92037.000000000000000,84,755,685,820
110,TDA3-1,110,60,57837.798107503003848,590,647,57,605.633333333333326,10.377807518396795,36338.000000000000000,27,603,590,604
111,TDA3-2,111,91,87720.660463046224322,586,640,54,603.747252747252787,10.812684255272147,54941.000000000000000,37,598,586,601
112,TDA3-3,112,91,87720.660463046224322,579,617,38,594.659340659340614,8.194369254396424,54114.000000000000000,31,587,579,593
113,TDA3-4,113,86,82900.843954087642487,575,612,37,593.500000000000000,9.039641380003399,51041.000000000000000,30,584,578,595
114,TDA3-5,114,96,92540.476972004806157,571,612,41,589.781250000000000,11.801485715966725,56619.000000000000000,35,575,571,595
115,TDA3-6,115,102,98324.256782755110180,567,622,55,591.656862745098010,11.998770441942030,60349.000000000000000,44,593,567,593
116,TDA3-7,116,108,104108.036593505414203,568,619,51,589.740740740740762,12.786255909844211,63692.000000000000000,43,596,568,590
117,TDA3-8,117,102,98324.256782755110180,571,612,41,588.901960784313701,10.422928913491907,60068.000000000000000,34,580,572,590
118,TDA3-9,118,97,93504.440273796528345,558,606,48,577.927835051546367,11.113516821318862,56059.000000000000000,38,573,558,575
119,TSA1-1,119,805,775990.457942332024686,347,480,133,389.137888198757764,21.049946353922778,313256.000000000000000,98,383,347,386
120,TSA1-2,120,114,109891.816404255703674,387,502,115,427.877192982456165,33.209103684972206,48778.000000000000000,70,390,402,417
121,TSA1-3,121,107,103144.073291713692015,393,540,147,438.327102803738342,41.034923740304457,46901.000000000000000,66,401,393,421
122,TSA1-4,122,102,98324.256782755110180,392,555,163,438.794117647058840,41.215440242917921,44757.000000000000000,60,416,392,429
123,TSA1-5,123,107,103144.073291713692015,398,576,178,450.485981308411226,44.865398795550185,48202.000000000000000,71,406,398,441
124,TSA1-6,124,98,94468.403575588235981,404,583,179,461.612244897959158,47.708432629253572,45238.000000000000000,66,434,404,444
125,TSA1-7,125,115,110855.779706047425861,418,586,168,465.434782608695627,37.544901914046328,53525.000000000000000,68,439,418,456
126,TSA1-8,126,114,109891.816404255703674,418,512,94,466.307017543859672,26.144043363367516,53159.000000000000000,64,485,419,469
127,TSA1-9,127,101,97360.293480963387992,422,585,163,483.217821782178191,37.308614979532862,48805.000000000000000,74,452,422,478
128,TSA1-10,128,105,101216.146688130262191,438,574,136,486.809523809523796,32.969854987070825,51115.000000000000000,65,455,438,481
129,TSA1-11,129,98,94468.403575588235981,445,591,146,498.489795918367349,33.005950266877434,48852.000000000000000,60,464,445,493
130,TSA1-12,130,103,99288.220084546817816,449,591,142,500.834951456310705,32.697821276956063,51586.000000000000000,66,477,449,489
131,TSB1-1,131,455,438603.302315231121611,337,515,178,394.600000000000023,43.005831447160105,179543.000000000000000,145,357,337,386
132,TSB1-2,132,107,103144.073291713692015,335,508,173,391.112149532710305,48.028482029247115,41849.000000000000000,69,342,348,383
133,TSB1-3,133,108,104108.036593505414203,335,516,181,387.666666666666686,52.793097191878324,41868.000000000000000,69,349,338,361
134,TSB1-4,134,100,96396.330179171665804,335,487,152,372.439999999999998,31.530404374191047,37244.000000000000000,61,356,336,360
135,TSB1-5,135,106,102180.109989921969827,327,500,173,373.235849056603797,40.454155717863372,39563.000000000000000,68,360,333,360
136,TSB1-6,136,107,103144.073291713692015,324,462,138,363.373831775700921,36.371531273602677,38881.000000000000000,63,327,333,352
137,TSB1-7,137,102,98324.256782755110180,321,484,163,364.549019607843150,39.492026360996618,37184.000000000000000,60,328,321,352
138,TSB1-8,138,110,106035.963197088844026,317,493,176,361.681818181818187,36.413766582080079,39785.000000000000000,71,336,317,349
139,TSB1-9,139,106,102180.109989921969827,309,500,191,346.311320754716974,40.673890194307972,36709.000000000000000,58,317,310,331
140,TSB1-10,140,99,95432.366877379958169,302,363,61,321.151515151515127,14.165945533420739,31794.000000000000000,39,310,302,317
141,TSB1-11,141,103,99288.220084546817816,301,363,62,318.000000000000000,12.401064783597830,32754.000000000000000,39,318,301,317
142,TSB1-12,142,112,107963.889800672273850,299,363,64,320.080357142857167,14.950596257135141,35849.000000000000000,43,308,299,319
143,TSB1-13,143,103,99288.220084546817816,296,358,62,312.970873786407765,10.079736772914593,32236.000000000000000,32,309,296,311
144,TSB1-14,144,101,97360.293480963387992,298,355,57,312.306930693069319,7.928820188984263,31543.000000000000000,29,316,298,310
145,TSB1-15,145,111,106999.926498880551662,298,359,61,315.504504504504496,14.518006138308284,35021.000000000000000,39,304,300,310
146,TSA2-1,146,129,124351.265931131463731,457,612,155,509.682170542635674,32.367316392968760,65749.000000000000000,73,496,457,502
147,TSA2-2,147,114,109891.816404255703674,470,582,112,519.131578947368439,25.295278374298288,59181.000000000000000,65,499,470,518
148,TSA2-3,148,106,102180.109989921969827,486,594,108,533.933962264150978,30.387208352697428,56597.000000000000000,71,506,488,532
149,TSA2-4,149,108,104108.036593505414203,492,577,85,528.555555555555543,14.840094172940409,57084.000000000000000,48,523,492,526
150,TSA2-5,150,106,102180.109989921969827,517,579,62,537.037735849056617,12.290450755739583,56926.000000000000000,42,526,517,535
151,TSA2-6,151,105,101216.146688130262191,522,589,67,544.200000000000045,14.048487463067746,57141.000000000000000,44,539,522,541
152,TSA2-7,152,106,102180.109989921969827,530,602,72,552.594339622641542,13.532475475255918,58575.000000000000000,41,550,530,550
153,TSA2-8,153,115,110855.779706047425861,540,610,70,561.904347826086905,10.261768567839127,64619.000000000000000,38,554,540,560
154,TSA2-9,154,102,98324.256782755110180,549,645,96,579.843137254901990,21.776829338542157,59144.000000000000000,50,575,551,575
155,TSA2-10,155,103,99288.220084546817816,553,594,41,577.029126213592235,9.623450636289080,59434.000000000000000,37,583,553,579
156,TSB2-1,156,321,309432.219875141046941,388,542,154,470.632398753894108,41.500389333194363,151073.000000000000000,135,511,388,481
157,TSB2-2,157,104,100252.183386338540004,398,539,141,457.384615384615358,37.061619088586255,47568.000000000000000,69,447,401,450
158,TSB2-3,158,110,106035.963197088844026,399,615,216,499.372727272727275,62.300132655762660,54931.000000000000000,89,406,399,498
159,TSB2-4,159,87,83864.807255879350123,388,655,267,535.609195402298838,76.745639933340328,46598.000000000000000,70,614,388,553
160,TSB2-5,160,106,102180.109989921969827,389,681,292,556.169811320754661,78.467091010579338,58954.000000000000000,84,657,395,550
161,TSB2-6,161,107,103144.073291713692015,395,691,296,553.355140186915833,89.077541809857522,59209.000000000000000,95,670,395,558
162,TSB2-7,162,98,94468.403575588235981,449,682,233,581.316326530612287,66.637091610771293,56969.000000000000000,79,669,449,588
163,TSB2-8,163,108,104108.036593505414203,447,675,228,571.287037037037067,55.832429665311466,61699.000000000000000,83,535,447,574
164,TSB2-9,164,101,97360.293480963387992,484,671,187,578.990099009900973,52.132066688535843,58478.000000000000000,76,558,496,576
165,TSA3-1,165,143,137846.752156215487048,411,587,176,510.454545454545439,43.529706482719369,72995.000000000000000,96,528,411,512
166,TSA3-2,166,74,71333.284332587034442,418,644,226,545.567567567567608,60.808090029223862,40372.000000000000000,61,516,419,547
167,TSA3-3,167,52,50126.091693169270002,465,645,180,563.384615384615358,45.177067806812197,29296.000000000000000,47,550,465,556
168,TSA3-4,168,71,68441.394427211882430,441,649,208,574.901408450704253,48.215231924834022,40818.000000000000000,60,571,441,587
169,TSA3-5,169,97,93504.440273796528345,417,663,246,542.989690721649481,76.958751147967931,52670.000000000000000,77,434,417,573
170,TSA3-6,170,106,102180.109989921969827,413,715,302,577.547169811320714,84.022922756792042,61220.000000000000000,86,648,413,603
171,TSA3-7,171,99,95432.366877379958169,470,757,287,630.939393939393995,75.696739209198327,62463.000000000000000,80,550,470,634
172,TSB3-1,172,39,37594.568769876954320,416,475,59,445.333333333333314,13.351910135763806,17368.000000000000000,29,439,416,443
173,TSB3-2,173,50,48198.165089585832902,432,504,72,462.480000000000018,21.469271063545889,23124.000000000000000,36,443,432,455
174,TSB3-3,174,45,43378.348580627251067,447,524,77,481.155555555555566,20.640796233086455,21652.000000000000000,33,460,447,477
175,TSB3-4,175,16,15423.412828667467693,460,514,54,482.812500000000000,14.112134627688329,7725.000000000000000,11,475,460,477
176,TSB3-5,176,42,40486.458675252099056,460,531,71,500.523809523809518,19.303636587117925,21022.000000000000000,27,494,460,503
177,TSB3-6,177,81,78081.027445129060652,485,571,86,531.925925925925981,19.533938669533327,43086.000000000000000,49,532,485,533
178,TSB3-7,178,89,85792.733859462794499,475,643,168,571.640449438202268,42.754130411151024,50876.000000000000000,67,579,475,579
179,TSB3-8,179,78,75189.137539753908641,493,677,184,602.282051282051270,50.926265812824028,46978.000000000000000,61,631,493,610
180,TSB3-9,180,73,70369.321030795326806,521,691,170,620.068493150684958,49.451603230966647,45265.000000000000000,55,644,521,620
181,TSB3-10,181,92,88684.623764837946510,524,713,189,652.119565217391255,48.230840393138109,59995.000000000000000,66,696,524,659
182,TDB4-7,182,673,648747.302105825394392,665,866,201,750.334323922734029,41.421541458000654,504975.000000000000000,173,742,665,746
183,TDB4-6,183,15,14459.449526875750962,718,743,25,728.466666666666697,6.701906859660144,10927.000000000000000,11,720,718,730
184,TDB4-5,184,12,11567.559621500600770,723,738,15,732.666666666666629,4.209776980108102,8792.000000000000000,8,733,723,733
185,TDB4-4,185,7,6747.743112542017116,728,742,14,736.571428571428555,4.531071864905254,5156.000000000000000,6,734,728,738
186,TDB4-3,186,6,5783.779810750300385,699,743,44,726.666666666666629,14.452988925786761,4360.000000000000000,6,699,699,724
187,TDB4-2,187,3,2891.889905375150192,682,723,41,702.000000000000000,16.753109164172084,2106.000000000000000,3,682,682,701
188,TDA4-11,188,805,775990.457942332024686,735,906,171,825.633540372670836,33.440944413130822,664635.000000000000000,151,792,735,825
189,TDA4-12,189,99,95432.366877379958169,778,938,160,868.696969696969745,43.733225827993600,86001.000000000000000,75,778,780,878
190,TDA4-13,190,95,91576.513670213083969,784,951,167,882.536842105263190,44.871937198234995,83841.000000000000000,69,831,784,889
191,TDA4-14,191,100,96396.330179171665804,778,954,176,893.929999999999950,46.207630322275278,89393.000000000000000,72,952,778,898
192,TDA4-15,192,103,99288.220084546817816,773,956,183,903.058252427184470,45.322967289623932,93015.000000000000000,71,941,773,921
193,TD5-1,193,816,786594.054262040881440,1036,1439,403,1182.240196078431381,95.764179577531166,964708.000000000000000,313,1121,1036,1156
194,TD5-2,194,150,144594.495268757513259,1020,1235,215,1080.926666666666733,58.369980488451297,162139.000000000000000,89,1038,1020,1061
195,TD5-3,195,116,111819.743007839133497,1005,1208,203,1064.896551724137908,46.684446813862216,123528.000000000000000,70,1048,1005,1051
196,TD5-4,196,104,100252.183386338540004,1013,1233,220,1080.230769230769283,56.906676431549627,112344.000000000000000,64,1036,1013,1057
197,TD5-5,197,100,96396.330179171665804,984,1150,166,1041.230000000000018,29.318886404499310,104123.000000000000000,64,1013,984,1036
198,TD5-6,198,104,100252.183386338540004,986,1095,109,1021.480769230769283,24.276048963007071,106234.000000000000000,59,1000,988,1016
199,TD5-7,199,112,107963.889800672273850,970,1052,82,1004.705357142857110,21.699094119035330,112527.000000000000000,59,983,972,1000
200,TD5-8,200,99,95432.366877379958169,956,1066,110,998.111111111111086,25.890167740555530,98813.000000000000000,63,983,956,992
201,TD5-9,201,92,88684.623764837946510,944,1051,107,988.434782608695627,25.086504404034709,90936.000000000000000,52,976,944,981
202,TD5-10,202,103,99288.220084546817816,933,1011,78,967.213592233009763,17.576269574182756,99623.000000000000000,53,952,933,965
203,TD5-11,203,108,104108.036593505414203,934,1031,97,974.648148148148152,22.075759629903697,105262.000000000000000,64,992,934,974
204,TD5-12,204,111,106999.926498880551662,929,992,63,954.603603603603574,16.805875891830418,105961.000000000000000,48,971,932,950
205,TD5-13,205,98,94468.403575588235981,908,980,72,941.602040816326507,19.037953390645846,92277.000000000000000,52,933,908,937
206,TDA4-1,206,47,45306.275184210688167,688,873,185,749.085106382978779,55.078987686441209,35207.000000000000000,37,696,688,731
207,TDA4-2,207,52,50126.091693169270002,713,874,161,799.423076923076906,49.161564941075824,41570.000000000000000,36,752,713,812
208,TDA4-3,208,40,38558.532071668669232,762,855,93,813.799999999999955,18.771254619765187,32552.000000000000000,28,804,762,812
209,TDA4-4,209,34,32774.752260918365209,770,817,47,791.676470588235247,12.251579941895573,26917.000000000000000,26,792,771,791
210,TDA4-5,210,43,41450.421977043821244,746,815,69,772.232558139534831,13.644723333629713,33206.000000000000000,25,769,752,771
211,TDA4-6,211,58,55909.871503919566749,733,802,69,767.189655172413836,20.842146372154399,44497.000000000000000,41,741,733,765
212,TDA4-7,212,5,4819.816508958583654,797,809,12,804.600000000000023,4.270831300805982,4023.000000000000000,4,807,797,807
213,TDA4-8,213,10,9639.633017917167308,806,822,16,814.600000000000023,5.122499389940825,8146.000000000000000,9,813,806,813
214,TDA4-9,214,10,9639.633017917167308,823,850,27,837.200000000000045,8.316249154514477,8372.000000000000000,9,850,823,835
215,TDA4-10,215,2,1927.926603583433462,851,854,3,852.500000000000000,1.500000000000000,1705.000000000000000,2,851,851,851
216,TD6-1,216,122,117603.522818589437520,1149,1455,306,1286.590163934426300,95.450850291050415,156964.000000000000000,98,1172,1149,1248
217,TD6-2,217,108,104108.036593505414203,1180,1461,281,1277.370370370370438,73.211463455828508,137956.000000000000000,80,1250,1180,1255
218,TD6-3,218,101,97360.293480963387992,1200,1452,252,1295.148514851485061,53.026125848933098,130810.000000000000000,74,1249,1200,1294
219,TD6-4,219,106,102180.109989921969827,1238,1446,208,1336.745283018867894,60.815536328162985,141695.000000000000000,84,1270,1244,1331
220,TD6-5,220,101,97360.293480963387992,1269,1437,168,1338.346534653465369,42.192964465271878,135173.000000000000000,74,1313,1269,1339
221,TD6-6,221,110,106035.963197088844026,1291,1433,142,1350.509090909090901,35.776260654886222,148556.000000000000000,75,1309,1291,1348
222,TD6-7,222,92,88684.623764837946510,1302,1426,124,1367.902173913043498,35.472604181932134,125847.000000000000000,66,1384,1302,1369
223,TD6-8,223,77,74225.174237962186453,1281,1427,146,1352.935064935064929,46.216131906212652,104176.000000000000000,62,1358,1281,1347
224,TD6-9,224,86,82900.843954087642487,1329,1464,135,1424.558139534883821,28.311229036580162,122512.000000000000000,52,1421,1329,1429
225,TD6-10,225,103,99288.220084546817816,1337,1478,141,1435.165048543689409,33.096240096007726,147822.000000000000000,63,1461,1337,1447
226,TTB1-1,226,813,783702.164356665685773,420,963,543,627.276752767527682,138.296563218561431,509976.000000000000000,391,506,420,591
227,TTB1-2,227,343,330639.412514558818657,532,996,464,844.854227405247798,99.412893312510548,289785.000000000000000,209,856,532,847
228,TTB1-3,228,167,160981.871399216703139,714,1007,293,899.520958083832284,84.012605150845033,150220.000000000000000,122,1000,714,903
229,TTB1-4,229,268,258342.164880180091131,524,876,352,689.705223880597032,57.841449292813941,184841.000000000000000,154,667,524,691
230,TTB1-5,230,232,223639.486015678266995,549,1018,469,784.073275862068954,150.717533164067589,181905.000000000000000,179,629,549,777
231,TTB2-1,231,686,661278.825029117637314,280,526,246,403.779883381924208,51.051162846449856,276993.000000000000000,200,372,280,407
232,TTB2-2,232,318,306540.329969765909482,247,395,148,306.786163522012600,33.607307677149443,97558.000000000000000,116,296,247,297
233,TTB2-3,233,341,328711.485910975432489,215,351,136,256.551319648093852,25.633575850210573,87484.000000000000000,93,239,215,251
234,TTB2-4,234,324,312324.109780516242608,158,274,116,210.885802469135797,19.638301475684475,68327.000000000000000,82,205,161,213
235,TTB2-5,235,340,327747.522609183681197,159,240,81,190.826470588235281,12.608676023780918,64881.000000000000000,61,192,159,190
236,TTB2-6,236,344,331603.375816350569949,145,205,60,165.159883720930225,10.559935032634199,56815.000000000000000,51,164,184,164
237,TTB2-7,237,321,309432.219875141046941,96,288,192,158.566978193146412,36.266786207691695,50900.000000000000000,88,142,96,148
238,TTB2-8,238,267,257378.201578388368944,91,283,192,136.887640449438209,36.343792736346096,36549.000000000000000,92,126,91,126
239,TTB3-1,239,252,242918.752051512623439,244,609,365,408.789682539682531,93.682506989150539,103015.000000000000000,178,488,244,387
240,TTB3-2,240,288,277621.430916014418472,234,652,418,381.562500000000000,116.281191678596258,109890.000000000000000,191,261,234,358
241,TTB3-3,241,325,313288.073082307935692,211,551,340,311.227692307692280,73.262334761284833,101149.000000000000000,180,237,212,291
242,TTB3-4,242,298,287261.063933931582142,181,355,174,233.570469798657712,34.613543346510617,69604.000000000000000,116,199,181,229
243,TTB3-5,243,321,309432.219875141046941,141,251,110,186.582554517133957,23.075796972921673,59893.000000000000000,94,180,141,185
244,TTB3-6,244,273,263161.981389138672967,137,187,50,150.560439560439562,8.438367971310580,41103.000000000000000,42,149,137,149
245,TTB3-7,245,248,239062.898844345763791,142,175,33,159.262096774193537,6.209372374158112,39497.000000000000000,33,156,142,159
246,TTB3-8,246,53,51090.054994960984914,143,200,57,175.641509433962256,11.144157179035272,9309.000000000000000,31,167,143,175
247,TTB4-1,247,160,154234.128286674676929,370,608,238,482.737500000000011,55.803952312985942,77238.000000000000000,119,482,370,482
248,TTB4-2,248,316,304612.403366182465106,327,680,353,491.560126582278485,109.284002581517584,155333.000000000000000,192,364,327,458
249,TTB4-3,249,542,522468.109571110457182,297,668,371,398.793357933579330,73.023638391968944,216146.000000000000000,202,385,298,385
250,TTB4-4,250,312,300756.550159015634563,292,625,333,413.733974358974365,80.723668404097680,129085.000000000000000,181,340,292,400
251,TTB4-5,251,330,318107.889591266517527,247,551,304,340.024242424242402,65.044875093594030,112208.000000000000000,160,280,249,322
252,TTB4-6,252,314,302684.476762599078938,134,370,236,248.248407643312106,44.969438461621536,77950.000000000000000,140,249,134,249
253,TTB4-7,253,334,321963.742798433406278,53,338,285,183.323353293413163,63.825526538033536,61230.000000000000000,170,195,54,195
254,TTB4-8,254,334,321963.742798433406278,58,231,173,167.278443113772454,38.073955169469386,55871.000000000000000,123,177,58,172
255,TTB4-9,255,347,334495.265721725707408,113,200,87,152.971181556195972,16.172851608528198,53081.000000000000000,70,158,113,153
256,TTB5-1,256,813,783702.164356665685773,209,312,103,244.821648216482174,19.369430366113804,199040.000000000000000,94,230,209,240
257,TTB5-2,257,330,318107.889591266517527,226,307,81,266.675757575757586,14.635811834757874,88003.000000000000000,68,268,226,267
258,TTB5-3,258,327,315215.999685891380068,256,326,70,291.513761467889935,15.585974255612467,95325.000000000000000,67,290,256,293
259,TTB5-4,259,311,299792.586857223883271,256,377,121,319.948553054662398,26.770861495991035,99504.000000000000000,103,313,256,318
260,TTB5-5,260,319,307504.293271557660773,271,415,144,344.087774294670851,40.576161690752400,109764.000000000000000,124,288,272,344
261,TTB5-6,261,308,296900.696951848745812,315,465,150,392.116883116883116,39.779742291504938,120772.000000000000000,129,367,315,395
262,TTB5-7,262,331,319071.852893058210611,350,505,155,459.858006042296097,35.241262819138406,152213.000000000000000,116,470,350,468
263,TTB5-8,263,335,322927.706100225099362,431,557,126,504.280597014925377,23.940325306122514,168934.000000000000000,106,500,431,504
264,TTB5-9,264,345,332567.339118142263032,492,702,210,564.113043478260920,42.401209693720034,194619.000000000000000,138,536,492,557
265,TTB5-10,265,308,296900.696951848745812,467,863,396,634.327922077922040,95.933890248856528,195373.000000000000000,199,550,467,618
266,TTB6-1,266,318,306540.329969765909482,204,305,101,260.182389937106905,21.865326891550655,82738.000000000000000,90,267,204,264
267,TTB6-2,267,332,320035.816194849961903,180,304,124,248.195783132530124,23.623316163387717,82401.000000000000000,91,258,180,255
268,TTB6-3,268,341,328711.485910975432489,172,297,125,231.618768328445753,30.650639480046163,78982.000000000000000,113,242,172,233
269,TTB6-4,269,330,318107.889591266517527,186,307,121,259.172727272727286,36.275593036334151,85527.000000000000000,108,297,186,265
270,TTB6-5,270,347,334495.265721725707408,189,328,139,276.697406340057626,41.928209113885558,96014.000000000000000,100,301,189,298
271,TTB6-6,271,340,327747.522609183681197,179,319,140,271.358823529411779,36.633327141271785,92262.000000000000000,110,293,179,287
272,TTB6-7,272,328,316179.962987683073152,174,320,146,278.018292682926813,35.062569953145420,91190.000000000000000,94,297,176,292
273,TTB6-8,273,334,321963.742798433406278,148,316,168,242.718562874251489,46.486864570278271,81068.000000000000000,129,298,151,252
274,TTB6-9,274,330,318107.889591266517527,145,292,147,206.684848484848487,30.636837810675733,68206.000000000000000,112,220,145,204
275,TTB7-1,275,818,788521.980865624267608,211,284,73,248.744498777506124,16.593942403909882,203473.000000000000000,71,258,211,250
276,TTB7-2,276,329,317143.926289474824443,194,248,54,224.896656534954417,11.478337774318994,73991.000000000000000,53,229,194,227
277,TTB7-3,277,327,315215.999685891380068,179,268,89,229.024464831804295,19.253642912092488,74891.000000000000000,80,217,179,230
278,TTB7-4,278,333,320999.779496641654987,160,268,108,202.936936936936945,23.461147722980336,67578.000000000000000,92,182,160,200
279,TTB7-5,279,320,308468.256573349353857,146,238,92,186.343750000000000,23.394456307798649,59630.000000000000000,88,181,146,182
280,TTB7-6,280,329,317143.926289474824443,148,254,106,196.574468085106389,28.830835903268550,64673.000000000000000,97,181,148,187
281,TTB7-7,281,317,305576.366667974216398,142,260,118,197.239747634069403,28.026113283932570,62525.000000000000000,106,207,142,196
282,TTB7-8,282,328,316179.962987683073152,140,210,70,171.618902439024396,15.446145900696562,56291.000000000000000,66,161,140,167
283,TTB7-9,283,306,294972.770348265301436,143,235,92,191.722222222222229,22.423973871998079,58667.000000000000000,87,192,143,192
284,TTB8-1,284,611,588981.577394738909788,272,430,158,349.986906710310961,35.540481868976272,213842.000000000000000,145,342,272,347
285,TTB8-2,285,317,305576.366667974216398,311,481,170,419.987381703470021,30.914247403319024,133136.000000000000000,111,427,311,427
286,TTB8-3,286,316,304612.403366182465106,370,576,206,479.775316455696213,49.973507141675377,151609.000000000000000,148,502,370,483
287,TTB8-4,287,241,232315.155731803737581,331,470,139,387.514522821576747,25.452763112941522,93391.000000000000000,88,382,331,386
288,TTB8-5,288,284,273765.577708847529721,290,425,135,345.461267605633793,28.473398379796119,98111.000000000000000,106,338,290,341
289,TTB8-6,289,324,312324.109780516242608,251,360,109,296.876543209876559,17.516752275259652,96188.000000000000000,75,293,251,296
290,TTB8-7,290,336,323891.669402016792446,214,312,98,266.586309523809518,21.266554967599003,89573.000000000000000,86,275,214,271
291,TTB8-8,291,345,332567.339118142263032,156,288,132,215.330434782608705,27.468893101411286,74289.000000000000000,103,235,156,212
292,TTB8-9,292,317,305576.366667974216398,115,254,139,173.066246056782347,24.723046938954781,54862.000000000000000,98,169,115,169
293,TTA1-1,293,22,21207.192639417768078,493,553,60,530.500000000000000,16.078641959839992,11671.000000000000000,20,517,493,531
294,TTA1-2,294,57,54945.908202127851837,554,909,355,675.333333333333371,111.098396933392095,38494.000000000000000,52,560,554,626
295,TTA1-3,295,80,77117.064143337338464,826,1007,181,926.537500000000023,34.965319871982253,74123.000000000000000,61,912,826,922
296,TTA1-4,296,127,122423.339327548019355,633,1093,460,961.425196850393718,101.971319086789308,122101.000000000000000,107,1027,633,993
297,TTA1-5,297,136,131099.009043673460837,577,1082,505,808.911764705882320,138.205062401333294,110012.000000000000000,120,594,577,796
298,TTA1-6,298,5,4819.816508958583654,652,727,75,682.799999999999955,27.787767092734455,3414.000000000000000,5,652,652,675
299,TTA1-7,299,1,963.963301791716731,645,645,0,645.000000000000000,0.000000000000000,645.000000000000000,1,645,645,645
300,TTA2-1,300,4,3855.853207166866923,668,674,6,671.250000000000000,2.384848003542364,2685.000000000000000,4,668,668,670
301,TTA2-2,301,6,5783.779810750300385,663,679,16,670.333333333333371,5.153208277908416,4022.000000000000000,6,663,663,669
302,TTA2-3,302,190,183153.027340426167939,480,664,184,570.831578947368371,48.066325367652873,108458.000000000000000,113,514,480,569
303,TTA2-4,303,141,135918.825552632071776,447,667,220,527.460992907801369,60.016843703181806,74372.000000000000000,111,476,447,513
304,TTA2-5,304,18,17351.339432250901154,510,618,108,577.277777777777828,30.272476600142365,10391.000000000000000,16,586,510,586
305,TTA3-1,305,18,17351.339432250901154,542,693,151,623.333333333333371,40.566817310046233,11220.000000000000000,17,632,542,625
306,TTA3-2,306,90,86756.697161254502134,362,731,369,557.911111111111154,95.958630489560832,50212.000000000000000,82,445,362,551
307,TTA3-3,307,176,169657.541115342144622,255,714,459,429.789772727272748,126.106944639508129,75643.000000000000000,145,341,255,397
308,TTA3-4,308,280,269909.724501680699177,222,801,579,449.832142857142856,170.005347717508641,125953.000000000000000,230,271,222,395
309,TTA3-5,309,302,291116.917141098470893,221,729,508,365.215231788079450,118.849186669350615,110295.000000000000000,186,281,221,322
310,TTA3-6,310,271,261234.054785555228591,202,344,142,251.749077490774908,30.413687518087372,68224.000000000000000,102,236,202,246
311,TTA3-7,311,305,294008.807046473608352,190,404,214,289.596721311475392,49.395605987674209,88327.000000000000000,148,293,190,288
312,TTA5-1,312,9,8675.669716125450577,276,299,23,284.222222222222229,7.927137325216068,2558.000000000000000,7,278,276,279
313,TTA5-2,313,3,2891.889905375150192,296,307,11,300.000000000000000,4.966554808583780,900.000000000000000,3,296,296,297
314,TTA5-3,314,76,73261.210936170478817,290,365,75,321.644736842105260,21.043628831654377,24445.000000000000000,48,307,292,316
315,TTA5-4,315,157,151342.238381299539469,322,552,230,418.560509554140140,63.631036129989397,65714.000000000000000,117,339,328,412
316,TTA5-5,316,208,200504.366772677080007,406,770,364,576.115384615384642,87.169905676335958,119832.000000000000000,155,676,406,574
317,TTA5-6,317,298,287261.063933931582142,414,1068,654,699.224832214765115,165.151485639289433,208369.000000000000000,228,826,414,690
318,TTA5-7,318,201,193756.623660135053797,411,1062,651,708.089552238805936,180.433921258159074,142326.000000000000000,182,435,415,676
319,TTA5-8,319,20,19279.266035834334616,408,797,389,633.250000000000000,117.889726015459033,12665.000000000000000,19,408,409,665
320,TTA6-1,320,325,313288.073082307935692,240,307,67,272.049230769230746,11.896374665313967,88416.000000000000000,60,268,240,270
321,TTA6-2,321,204,196648.513565510220360,235,303,68,258.264705882352928,15.485557136101347,52686.000000000000000,55,245,236,254
322,TTA6-3,322,310,298828.623555432190187,234,294,60,260.387096774193537,14.320924054153616,80720.000000000000000,60,254,236,258
323,TTA6-4,323,300,289188.990537515026517,243,315,72,282.910000000000025,14.061124895730138,84873.000000000000000,60,289,243,283
324,TTA6-5,324,320,308468.256573349353857,250,333,83,293.756250000000023,13.849976026603464,94002.000000000000000,67,290,255,293
325,TTA6-6,325,310,298828.623555432190187,262,330,68,292.148387096774172,11.490693877466445,90566.000000000000000,53,298,265,293
326,TTA6-7,326,314,302684.476762599078938,255,317,62,289.143312101910851,14.876835213601266,90791.000000000000000,62,293,255,291
327,TTA6-8,327,310,298828.623555432190187,249,320,71,287.803225806451621,13.729764790668261,89219.000000000000000,61,284,249,287
328,TTA6-9,328,315,303648.440064390772022,209,327,118,273.888888888888914,22.913440369335063,86275.000000000000000,94,272,209,274
329,TTA6-10,329,320,308468.256573349353857,196,310,114,253.481249999999989,22.870688630592163,81114.000000000000000,91,263,196,255
330,TTA7-1,330,68,65549.504521836730419,210,275,65,254.088235294117652,12.037606873409379,17278.000000000000000,32,257,210,257
331,TTA7-2,331,94,90612.550368421376334,224,284,60,254.617021276595750,11.798040211379694,23934.000000000000000,43,259,224,255
332,TTA7-3,332,247,238098.935542554041604,211,300,89,263.813765182186216,23.033107064529478,65162.000000000000000,81,280,211,269
333,TTA7-4,333,292,281477.284123181307223,228,300,72,283.537671232876733,12.870347359421872,82793.000000000000000,48,288,228,287
334,TTA7-5,334,295,284369.174028556444682,269,309,40,289.315254237288116,7.256950229282736,85348.000000000000000,36,290,269,290
335,TTA7-6,335,310,298828.623555432190187,252,317,65,290.580645161290306,11.073578532671917,90080.000000000000000,56,295,252,292
336,TTA7-7,336,302,291116.917141098470893,279,326,47,301.837748344370880,10.261651376351230,91155.000000000000000,46,304,279,302
337,TTA7-8,337,307,295936.733650057052728,246,327,81,299.390879478827344,16.878478718531891,91913.000000000000000,69,293,246,303
338,TTA7-9,338,317,305576.366667974216398,270,312,42,289.097791798107266,8.844247886388560,91644.000000000000000,42,293,307,289
339,TTA7-10,339,308,296900.696951848745812,260,312,52,288.987012987012974,10.102389464672969,89008.000000000000000,48,286,260,290