OID,OBJECTID_1,AREA,MIN,MAX,RANGE,MEAN,STD
0,TUA1-1,787544.0296,0.816329122,0.901607931,0.085278809,0.870795645,0.010668251
1,TUA1-2,76877.16974,0.851294458,0.893179059,0.041884601,0.871580642,0.008843657
2,TUA1-3,102800.8665,0.842166483,0.889913678,0.047747195,0.871652356,0.0086379
3,TUA1-4,97437.34305,0.839655697,0.890444934,0.050789237,0.87046066,0.009699391
4,TUA1-5,114421.834,0.837637126,0.888626516,0.050989389,0.867428985,0.009431012
5,TUA1-6,112633.9929,0.8354882,0.8891536,0.0536654,0.867114347,0.010770187
6,TUA1-7,97437.34305,0.829925597,0.88366735,0.053741753,0.863213827,0.010558737
7,TUA1-8,99225.1842,0.84006989,0.882611156,0.042541265,0.862704293,0.00869495
8,TUA1-9,97437.34305,0.843184233,0.888461649,0.045277417,0.866357093,0.009746436
9,TUA1-10,99225.1842,0.82939446,0.884475768,0.055081308,0.861269142,0.010649305
10,TUA1-11,104588.7077,0.842625916,0.887432933,0.044807017,0.86414393,0.009733157
11,TUA1-12,98331.26363,0.84625566,0.885148942,0.038893282,0.86557296,0.009122234
12,TUB1-1,20560.1733,0.853862226,0.893793404,0.039931178,0.876243537,0.009635241
13,TUB1-2,160905.7041,0.83155179,0.89585638,0.06430459,0.87483232,0.009015433
14,TUB1-3,97437.34305,0.844082057,0.901838601,0.057756543,0.876308517,0.011050095
15,TUB1-4,93861.66073,0.835178673,0.895494521,0.060315847,0.875423521,0.010705192
16,TUB1-5,99225.1842,0.847556472,0.896182358,0.048625886,0.874208034,0.009368474
17,TUB1-6,103694.7871,0.839878023,0.892815411,0.052937388,0.872698617,0.01016502
18,TUB1-7,95649.50189,0.771689713,0.887651682,0.115961969,0.866194984,0.01855962
19,TUB1-8,98331.26363,0.845235467,0.890425682,0.045190215,0.871569325,0.009570113
20,TUB1-9,100119.1048,0.737638414,0.890779495,0.153141081,0.854241977,0.028331333
21,TUB1-10,98331.26363,0.735821307,0.894548118,0.158726811,0.848023171,0.034612541
22,TUB1-11,95649.50189,0.683255136,0.893602014,0.210346878,0.853785933,0.035875796
23,TUB1-12,101013.0254,0.642609775,0.900565267,0.257955492,0.859491395,0.050047291
24,TUB1-13,101906.9459,0.648088634,0.906315446,0.258226812,0.866321242,0.041338179
25,TUA2-1,90285.97842,0.836689711,0.88696754,0.050277829,0.862641839,0.009995274
26,TUA2-2,23241.93504,0.820942998,0.877608538,0.05666554,0.855971566,0.012536236
27,TUA2-3,28605.45851,0.849155426,0.874216735,0.025061309,0.8620914,0.006288752
28,TUA2-4,57210.91702,0.846476972,0.881039739,0.034562767,0.866158581,0.008403611
29,TUA2-5,68831.88454,0.835594654,0.884311795,0.048717141,0.864372204,0.011482394
30,TUA2-6,83134.61379,0.838084638,0.878332198,0.04024756,0.864508154,0.008232345
31,TUA2-7,84028.53437,0.823303878,0.879902005,0.056598127,0.864228247,0.009729891
32,TUA2-8,98331.26363,0.799114764,0.880392134,0.08127737,0.86205259,0.010345918
33,TUA2-9,92073.81958,0.802805722,0.881669939,0.078864217,0.853734787,0.015989185
34,TUA2-10,86710.29611,0.821754694,0.879285932,0.057531238,0.860604294,0.010619418
35,TUA2-11,58104.8376,0.809699595,0.889947534,0.080247939,0.859619617,0.013444201
36,TUA2-12,81346.77264,0.810459912,0.884130597,0.073670685,0.859966208,0.012457421
37,TUB2-1,17878.41157,0.843132138,0.887300134,0.044167995,0.867947507,0.009886176
38,TUB2-2,51847.39355,0.843070984,0.887309253,0.044238269,0.868610253,0.008618005
39,TUB2-3,77771.09032,0.838615835,0.888249636,0.049633801,0.868247121,0.010857391
40,TUB2-4,87604.21668,0.839404583,0.886501253,0.04709667,0.867590098,0.008645078
41,TUB2-5,96543.42247,0.837879181,0.899373353,0.061494172,0.869647623,0.010393671
42,TUB2-6,54529.15528,0.79645288,0.88132906,0.08487618,0.867550412,0.011726708
43,TUB2-7,28605.45851,0.841272831,0.879009545,0.037736714,0.863646217,0.008704091
44,TUB2-8,28605.45851,0.831224382,0.877363205,0.046138823,0.856324563,0.011605961
45,TUA3-1,87604.21668,0.818757713,0.886129379,0.067371666,0.864250833,0.010713158
46,TUA3-2,108164.39,0.841251254,0.883333802,0.042082548,0.863755692,0.009365158
47,TUA3-3,106376.5488,0.842965126,0.887871623,0.044906497,0.867418908,0.00882298
48,TUA3-4,98331.26363,0.832475483,0.892317653,0.059842169,0.869696969,0.009542297
49,TUA3-5,101906.9459,0.833673775,0.888619781,0.054946005,0.863822201,0.010267646
50,TUA3-6,113527.9135,0.826211572,0.885857821,0.059646249,0.86420687,0.012217291
51,TUA3-7,105482.6283,0.827106953,0.887054145,0.059947193,0.868955083,0.008904516
52,TUA3-8,98331.26363,0.845416546,0.89481926,0.049402714,0.86957506,0.010044411
53,TUA3-9,106376.5488,0.830059886,0.888973534,0.058913648,0.869141788,0.009176139
54,TUA3-10,100119.1048,0.843152106,0.89423728,0.051085174,0.86929726,0.009498081
55,TUA3-11,108164.39,0.843856871,0.889128208,0.045271337,0.869763442,0.009699963
56,TUB3-1,30393.29967,0.847751617,0.883423507,0.03567189,0.868118509,0.00928879
57,TUB3-2,44696.02892,0.831901908,0.886057377,0.054155469,0.866542743,0.009614829
58,TUB3-3,58104.8376,0.837722957,0.893202424,0.055479467,0.865858681,0.010906508
59,TUB3-4,63468.36107,0.845068038,0.880919456,0.035851419,0.864422225,0.007599433
60,TUB3-5,67937.96396,0.844169855,0.889523745,0.045353889,0.865534339,0.009554558
61,TUB3-6,65256.20222,0.845106244,0.888041675,0.042935431,0.863671482,0.009999388
62,TUB3-7,42014.26719,0.834973693,0.882156968,0.047183275,0.865478353,0.010112917
63,TUB3-8,81346.77264,0.834345162,0.893298745,0.058953583,0.865237255,0.009915344
64,TUB3-9,60786.59933,0.834152639,0.889756858,0.055604219,0.867187637,0.010559977
65,TUB3-10,78665.0109,0.842132866,0.888943076,0.04681021,0.864178235,0.009361893
66,TUB3-11,67044.04338,0.840231717,0.890612006,0.05038029,0.868817194,0.010127967
67,TUB3-12,67044.04338,0.837134361,0.889328539,0.052194178,0.865928086,0.010840146
68,TDA1-1,785756.1884,0.757469296,0.900244832,0.142775536,0.870343161,0.012002142
69,TDA1-2,102800.8665,0.851050436,0.894595265,0.043544829,0.872518283,0.00865316
70,TDA1-3,98331.26363,0.847358108,0.891935945,0.044577837,0.873244214,0.007865127
71,TDA1-4,94755.58131,0.846055627,0.90131104,0.055255413,0.87474581,0.011208588
72,TDA1-5,120679.2781,0.83812958,0.900502443,0.062372863,0.870463276,0.014814874
73,TDA1-6,101013.0254,0.846501112,0.90187341,0.055372298,0.872614938,0.010843653
74,TDA1-7,106376.5488,0.835915506,0.892679691,0.056764185,0.870247896,0.011291493
75,TDA1-8,96543.42247,0.827827871,0.900386155,0.072558284,0.863391378,0.015198886
76,TDA1-9,94755.58131,0.822303534,0.890081465,0.067777932,0.865136847,0.013865161
77,TDA1-10,93861.66073,0.829034626,0.902313948,0.073279321,0.862634266,0.016303268
78,TDA1-11,105482.6283,0.806650758,0.893491983,0.086841226,0.858578977,0.016644735
79,TDB1-1,372764.8812,0.703405201,0.909288466,0.205883265,0.865487148,0.019172643
80,TDB1-2,105482.6283,0.839211941,0.91152972,0.072317779,0.86979929,0.010697323
81,TDB1-3,103694.7871,0.846783221,0.890948772,0.044165552,0.867789903,0.0094562
82,TDB1-4,103694.7871,0.838895977,0.8933025,0.054406524,0.865086205,0.009614445
83,TDB1-5,78665.0109,0.84215194,0.910626471,0.068474531,0.87101218,0.013537924
84,TDB1-6,78665.0109,0.799132049,0.910065711,0.110933661,0.870906009,0.016800182
85,TDB1-7,81346.77264,0.847818196,0.901843905,0.05402571,0.876502254,0.012788159
86,TDB1-8,34862.90256,0.851523221,0.893728256,0.042205036,0.870602421,0.009784934
87,TDB1-9,57210.91702,0.84429282,0.901756346,0.057463527,0.870994666,0.010609509
88,TDB1-10,79558.93148,0.825566828,0.896752715,0.071185887,0.868993052,0.012288989
89,TDA2-1,101013.0254,0.778904676,0.893852115,0.114947438,0.853171684,0.019013313
90,TDA2-2,98331.26363,0.831192732,0.890429974,0.059237242,0.861448724,0.014350962
91,TDA2-3,94755.58131,0.794353664,0.893156469,0.098802805,0.859119715,0.014211641
92,TDA2-4,92073.81958,0.788109779,0.890909135,0.102799356,0.854348457,0.021392364
93,TDA2-5,102800.8665,0.692525744,0.898697555,0.206171811,0.851107226,0.029381871
94,TDA2-6,108164.39,0.750187039,0.889383852,0.139196813,0.847751617,0.020517314
95,TDA2-7,108164.39,0.80602628,0.888762891,0.082736611,0.857797458,0.017510426
96,TDA2-8,101013.0254,0.811744273,0.894619823,0.08287555,0.859446396,0.019404099
97,TDA2-9,47377.79066,0.813140273,0.862947285,0.049807012,0.842364394,0.010624879
98,TDA2-10,76877.16974,0.821975648,0.891027749,0.0690521,0.849584026,0.014021997
99,TDB2-1,206495.6536,0.845801055,0.898131907,0.052330852,0.875073992,0.009314044
100,TDB2-2,89392.05784,0.854208767,0.896114349,0.041905582,0.876006514,0.009611685
101,TDB2-3,82240.69321,0.821795821,0.8903566,0.068560779,0.868153543,0.012504207
102,TDB2-4,87604.21668,0.790441573,0.89466399,0.104222417,0.868799301,0.017717206
103,TDB2-5,101013.0254,0.834954739,0.897328913,0.062374175,0.872747718,0.010856185
104,TDB2-6,106376.5488,0.83517617,0.905737281,0.070561111,0.875956105,0.010595077
105,TDB2-7,109952.2311,0.816120923,0.910674751,0.094553828,0.86164978,0.018419908
106,TDB2-8,96543.42247,0.822548091,0.891269624,0.068721533,0.861709533,0.013637417
107,TDB2-9,107270.4694,0.798998654,0.898811102,0.099812448,0.864083201,0.017715103
108,TDB2-10,106376.5488,0.809909046,0.899280608,0.089371562,0.863340915,0.019178648
109,TDA3-1,62574.44049,0.831501842,0.889957011,0.058455169,0.868418103,0.010419699
110,TDA3-2,78665.0109,0.852185249,0.88532877,0.03314352,0.867753393,0.007809785
111,TDA3-3,89392.05784,0.851802289,0.890659571,0.038857281,0.871727738,0.009467541
112,TDA3-4,86710.29611,0.838157892,0.895760298,0.057602406,0.874085531,0.01089066
113,TDA3-5,92967.74016,0.837303996,0.89230901,0.055005014,0.872361946,0.011310054
114,TDA3-6,97437.34305,0.849694192,0.9018206,0.052126408,0.876255884,0.00904228
115,TDA3-7,102800.8665,0.857480168,0.901423037,0.043942869,0.876960386,0.008789673
116,TDA3-8,99225.1842,0.803690195,0.896068275,0.09237808,0.875044478,0.011670964
117,TDA3-9,88498.13726,0.709840477,0.90022862,0.190388143,0.870195479,0.033703847
118,TSA1-1,789331.8707,0.829603136,0.908632994,0.079029858,0.875206303,0.011544329
119,TSA1-2,100119.1048,0.834909439,0.906388044,0.071478605,0.872757571,0.014921474
120,TSA1-3,103694.7871,0.828259468,0.905429125,0.077169657,0.875924419,0.013443454
121,TSA1-4,101906.9459,0.850671887,0.896201968,0.045530081,0.879322839,0.009272587
122,TSA1-5,101013.0254,0.850210071,0.904013991,0.053803921,0.8824283,0.010108708
123,TSA1-6,95649.50189,0.860648215,0.916740537,0.056092322,0.88340491,0.009624909
124,TSA1-7,106376.5488,0.836873472,0.904000044,0.067126572,0.881670788,0.011170279
125,TSA1-8,113527.9135,0.840382278,0.9073084,0.066926122,0.878111457,0.011977363
126,TSA1-9,104588.7077,0.839940727,0.902460635,0.062519908,0.879623562,0.011923632
127,TSA1-10,96543.42247,0.841804743,0.901586235,0.059781492,0.87991425,0.011466022
128,TSA1-11,89392.05784,0.84640348,0.902921677,0.056518197,0.879934809,0.010001177
129,TSA1-12,102800.8665,0.829515219,0.902737498,0.07322228,0.879606326,0.011321924
130,TSB1-1,432657.56,0.740692794,0.907661736,0.166968942,0.87616045,0.014635029
131,TSB1-2,102800.8665,0.70623517,0.902677178,0.196442008,0.874603262,0.022956281
132,TSB1-3,105482.6283,0.683657408,0.902764201,0.219106793,0.874103757,0.027512743
133,TSB1-4,99225.1842,0.853613436,0.903744042,0.050130606,0.880627,0.010505683
134,TSB1-5,98331.26363,0.848668873,0.904555082,0.055886209,0.881886493,0.011376478
135,TSB1-6,106376.5488,0.843172014,0.916545689,0.073373675,0.880281677,0.013502024
136,TSB1-7,101013.0254,0.850170314,0.909768999,0.059598684,0.882056214,0.012307314
137,TSB1-8,102800.8665,0.854875267,0.91689831,0.062023044,0.882313858,0.011324552
138,TSB1-9,101013.0254,0.638359249,0.908685565,0.270326316,0.856096919,0.055539897
139,TSB1-10,100119.1048,0.619805515,0.912688375,0.29288286,0.833566558,0.062559707
140,TSB1-11,101906.9459,0.663865864,0.915165305,0.251299441,0.855976045,0.04638277
141,TSB1-12,99225.1842,0.678774238,0.912365437,0.233591199,0.851081449,0.051690476
142,TSB1-13,101013.0254,0.668417752,0.911937416,0.243519664,0.85225513,0.052453006
143,TSB1-14,96543.42247,0.693399191,0.908828676,0.215429485,0.860502649,0.047162369
144,TSB1-15,104588.7077,0.769634724,0.90107131,0.131436586,0.871117333,0.025553748
145,TSA2-1,124254.9604,0.844055414,0.906251431,0.062196016,0.876351283,0.013103614
146,TSA2-2,104588.7077,0.845451832,0.908285677,0.062833846,0.880509804,0.011786652
147,TSA2-3,102800.8665,0.830488563,0.910912633,0.08042407,0.884493312,0.011838855
148,TSA2-4,109058.3106,0.84996897,0.902924359,0.052955389,0.879595721,0.010537086
149,TSA2-5,97437.34305,0.8493191,0.903638482,0.054319382,0.876647968,0.009849003
150,TSA2-6,105482.6283,0.848065972,0.903151035,0.055085063,0.877542719,0.010944015
151,TSA2-7,102800.8665,0.837090909,0.897934854,0.060843945,0.875527582,0.011812589
152,TSA2-8,109058.3106,0.852375567,0.915133834,0.062758267,0.876576498,0.011361435
153,TSA2-9,97437.34305,0.824935377,0.897492111,0.072556734,0.873408273,0.012077165
154,TSA2-10,101013.0254,0.845362902,0.907262504,0.061899602,0.877198541,0.010550555
155,TSB2-1,311978.2819,0.679423273,0.89875102,0.219327748,0.858001574,0.034181619
156,TSB2-2,98331.26363,0.79811281,0.90622741,0.1081146,0.871185894,0.021131266
157,TSB2-3,107270.4694,0.736887395,0.909062862,0.172175467,0.864976575,0.030411636
158,TSB2-4,82240.69321,0.794143021,0.908421576,0.114278555,0.868093134,0.02400431
159,TSB2-5,101013.0254,0.798042297,0.909698188,0.111655891,0.869822426,0.022047473
160,TSB2-6,102800.8665,0.795387864,0.907735407,0.112347543,0.861937424,0.022753896
161,TSB2-7,101013.0254,0.688931048,0.914908111,0.225977063,0.848339203,0.049113556
162,TSB2-8,96543.42247,0.68667388,0.908686936,0.222013056,0.839155642,0.059305993
163,TSB2-9,102800.8665,0.716112077,0.901629329,0.185517251,0.857313006,0.036551933
164,TSA3-1,133194.1662,0.843721569,0.90356642,0.059844851,0.875712114,0.012255672
165,TSA3-2,74195.40801,0.850187302,0.908361435,0.058174133,0.882779383,0.012557101
166,TSA3-3,50059.55239,0.85288161,0.915755868,0.062874258,0.881220322,0.014047232
167,TSA3-4,68831.88454,0.826950431,0.91465801,0.087707579,0.873628638,0.015193234
168,TSA3-5,92967.74016,0.806378841,0.912801445,0.106422603,0.880921221,0.017221575
169,TSA3-6,98331.26363,0.79965657,0.910021544,0.110364974,0.876944175,0.018509409
170,TSA3-7,94755.58131,0.80817616,0.919383883,0.111207724,0.878081918,0.019455491
171,TSB3-1,35756.82314,0.860087454,0.902121305,0.042033851,0.879244022,0.009425949
172,TSB3-2,47377.79066,0.863752246,0.903227806,0.03947556,0.881635586,0.009937404
173,TSB3-3,42908.18776,0.84414202,0.903556943,0.059414923,0.880685286,0.012729899
174,TSB3-4,21454.09388,0.856902361,0.90592432,0.049021959,0.883828985,0.010266418
175,TSB3-5,32181.14082,0.858810186,0.902173936,0.04336375,0.880137824,0.012093784
176,TSB3-6,83134.61379,0.848104537,0.90638721,0.058282673,0.881323341,0.010587591
177,TSB3-7,83134.61379,0.845680773,0.904277503,0.05859673,0.878906243,0.012665473
178,TSB3-8,75983.24917,0.772446811,0.919267476,0.146820664,0.87576177,0.019088631
179,TSB3-9,69725.80512,0.800861239,0.900683641,0.099822402,0.877413655,0.015065081
180,TSB3-10,88498.13726,0.850956559,0.901203811,0.050247252,0.881172993,0.010046307
181,TDB4-7,652562.0222,0.831009746,0.900033474,0.069023728,0.868342872,0.01066617
182,TDB4-6,14302.72925,0.846557021,0.872591317,0.026034296,0.860463634,0.006821153
183,TDB4-5,9833.126363,0.83210963,0.871431053,0.039321423,0.859985243,0.010602797
184,TDB4-4,7151.364627,0.840198755,0.857313871,0.017115116,0.849554054,0.005549918
185,TDB4-3,5363.523471,0.849602103,0.870228171,0.020626068,0.863470366,0.007015642
186,TDB4-2,2681.761735,0.864728034,0.875321567,0.010593534,0.868483226,0.004843215
187,TDA4-11,773241.3003,0.795722544,0.895875752,0.100153208,0.866859271,0.013205924
188,TDA4-12,97437.34305,0.842401206,0.901093543,0.058692336,0.8713826,0.009970402
189,TDA4-13,95649.50189,0.800284505,0.894517183,0.094232678,0.869182992,0.012295594
190,TDA4-14,90285.97842,0.797064483,0.890596569,0.093532085,0.861620877,0.022431826
191,TDA4-15,102800.8665,0.781270921,0.889634192,0.108363271,0.861520045,0.021178746
192,TD5-1,783074.4267,0.692104161,0.887410581,0.19530642,0.819590314,0.035057546
193,TD5-2,148390.816,0.771653235,0.88776654,0.116113305,0.842201738,0.022565122
194,TD5-3,112633.9929,0.771356225,0.888887763,0.117531538,0.844025088,0.023712035
195,TD5-4,98331.26363,0.765947044,0.885927141,0.119980097,0.836896899,0.026991764
196,TD5-5,100119.1048,0.777644634,0.891014993,0.113370359,0.846290426,0.02316938
197,TD5-6,103694.7871,0.781771898,0.894797266,0.113025367,0.846432445,0.022956939
198,TD5-7,105482.6283,0.761168897,0.900718093,0.139549196,0.84260933,0.02795514
199,TD5-8,94755.58131,0.766990304,0.882895172,0.115904868,0.834361382,0.027042048
200,TD5-9,87604.21668,0.75892055,0.878023505,0.119102955,0.841585086,0.025323112
201,TD5-10,101013.0254,0.760374844,0.891566336,0.131191492,0.841358926,0.031195725
202,TD5-11,103694.7871,0.744194388,0.88820231,0.144007921,0.837742064,0.031727886
203,TD5-12,107270.4694,0.735793352,0.889024734,0.153231382,0.829575364,0.036293795
204,TD5-13,94755.58131,0.740691483,0.883708775,0.143017292,0.838900284,0.034071857
205,TDA4-1,45589.9495,0.838583887,0.885459244,0.046875358,0.861843201,0.010686916
206,TDA4-2,49165.63181,0.834631026,0.891932309,0.057301283,0.861385241,0.013227719
207,TDA4-3,41120.34661,0.842814267,0.885622442,0.042808175,0.860773467,0.009967029
208,TDA4-4,29499.37909,0.837455988,0.879769146,0.042313159,0.864727804,0.009793673
209,TDA4-5,42908.18776,0.84092021,0.883117974,0.042197764,0.862255907,0.009285162
210,TDA4-6,58998.75818,0.813991368,0.882144034,0.068152666,0.860192977,0.013588569
211,TDA4-7,5363.523471,0.849166691,0.876113594,0.026946902,0.862344464,0.008128011
212,TDA4-8,9833.126363,0.849096119,0.87855345,0.029457331,0.867500484,0.007922144
213,TDA4-9,8045.285206,0.866484642,0.87855345,0.012068808,0.873204278,0.003820736
214,TDA4-10,2681.761735,0.861972094,0.878611743,0.01663965,0.868021786,0.007513543
215,TD6-1,117997.5164,0.715646744,0.886525214,0.17087847,0.795880049,0.041996759
216,TD6-2,100119.1048,0.713373244,0.886218905,0.172845662,0.809745113,0.044504712
217,TD6-3,102800.8665,0.69218874,0.878830135,0.186641395,0.796131978,0.035864523
218,TD6-4,94755.58131,0.714694381,0.877313256,0.162618876,0.786729448,0.031650829
219,TD6-5,101013.0254,0.698044956,0.888157964,0.190113008,0.782662886,0.037258236
220,TD6-6,101906.9459,0.693109453,0.868784964,0.175675511,0.782717476,0.035822825
221,TD6-7,89392.05784,0.695337653,0.833441377,0.138103724,0.776916808,0.030041745
222,TD6-8,73301.48743,0.716777444,0.838347435,0.121569991,0.791287743,0.032390936
223,TD6-9,81346.77264,0.708673596,0.844507098,0.135833502,0.776336802,0.034017725
224,TD6-10,104588.7077,0.699282289,0.834218681,0.134936392,0.781563465,0.027686227
225,TTB1-1,788437.9502,0.610365868,0.945010245,0.334644377,0.841183077,0.046721567
226,TTB1-2,327174.9317,0.732904255,0.901088655,0.1681844,0.848374766,0.034347939
227,TTB1-3,159117.863,0.705742478,0.898696184,0.192953706,0.850771482,0.028257757
228,TTB1-4,261918.7295,0.802725673,0.90268755,0.099961877,0.864306433,0.020124968
229,TTB1-5,219904.4623,0.809643328,0.902729213,0.093085885,0.86990723,0.020341501
230,TTB2-1,657925.5457,0.765972078,0.910129905,0.144157827,0.869814218,0.017337126
231,TTB2-2,309296.5201,0.845413446,0.900970161,0.055556715,0.875098289,0.010661141
232,TTB2-3,323599.2494,0.83826822,0.891937912,0.053669691,0.870583978,0.010249247
233,TTB2-4,318235.7259,0.842406154,0.889624119,0.047217965,0.864785475,0.009826152
234,TTB2-5,324493.17,0.822127521,0.886948645,0.064821124,0.86100691,0.01103421
235,TTB2-6,330750.614,0.764344394,0.884923518,0.120579123,0.854294944,0.015859489
236,TTB2-7,312872.2024,0.769313812,0.877008975,0.107695162,0.843303444,0.021021918
237,TTB2-8,254767.3648,0.758948267,0.886060119,0.127111852,0.857816882,0.013770561
238,TTB3-1,243146.3973,0.820637465,0.904274106,0.083636642,0.867332768,0.013450581
239,TTB3-2,281584.9822,0.648023129,0.892455399,0.244432271,0.849809666,0.046010412
240,TTB3-3,311084.3613,0.701761127,0.893594623,0.191833496,0.865995193,0.024842051
241,TTB3-4,281584.9822,0.836343408,0.897888839,0.061545432,0.867881596,0.011662154
242,TTB3-5,313766.123,0.809895694,0.891812921,0.081917226,0.865842476,0.011772711
243,TTB3-6,268176.1735,0.822282135,0.890638471,0.068356335,0.862468908,0.012881033
244,TTB3-7,235101.1121,0.790686905,0.88499552,0.094308615,0.864211196,0.015126088
245,TTB3-8,52741.31413,0.852131844,0.881449461,0.029317617,0.86676621,0.007831155
246,TTB4-1,151966.4983,0.817180216,0.895297766,0.078117549,0.867089238,0.014633516
247,TTB4-2,308402.5996,0.728369296,0.899032176,0.17066288,0.860340147,0.024056653
248,TTB4-3,520261.7766,0.778671801,0.894527018,0.115855217,0.866960968,0.014858503
249,TTB4-4,307508.679,0.820950091,0.890774846,0.069824755,0.864838273,0.011415796
250,TTB4-5,318235.7259,0.837952077,0.900265813,0.062313735,0.869545157,0.009719494
251,TTB4-6,299463.3938,0.834625661,0.897774458,0.063148797,0.869131448,0.010581374
252,TTB4-7,328068.8523,0.690873265,0.898377597,0.207504332,0.859978952,0.02307922
253,TTB4-8,321811.4082,0.685506284,0.906071603,0.220565319,0.848426073,0.042540301
254,TTB4-9,328962.7729,0.81927371,0.892126977,0.072853267,0.868406676,0.010144404
255,TTB5-1,783968.3473,0.760162354,0.895954132,0.135791779,0.857269349,0.013764422
256,TTB5-2,315553.9642,0.833627403,0.889906049,0.056278646,0.864206248,0.010935072
257,TTB5-3,319129.6465,0.81869936,0.89555794,0.07685858,0.866206415,0.010706644
258,TTB5-4,293205.9497,0.814212322,0.89463675,0.080424428,0.86385235,0.0127164
259,TTB5-5,308402.5996,0.822423518,0.890443504,0.068019986,0.859315662,0.015394387
260,TTB5-6,292312.0291,0.815329611,0.89795804,0.082628429,0.86963785,0.018449581
261,TTB5-7,320917.4877,0.815184534,0.899996102,0.084811568,0.871459018,0.021859966
262,TTB5-8,326281.0111,0.75981313,0.899448574,0.139635444,0.874337178,0.01892757
263,TTB5-9,329856.6934,0.722388089,0.910165489,0.1877774,0.878565497,0.016825951
264,TTB5-10,298569.4732,0.697521925,0.918375552,0.220853627,0.872758221,0.02665395
265,TTB6-1,307508.679,0.719411671,0.89380461,0.174392939,0.859087409,0.020045143
266,TTB6-2,326281.0111,0.676292658,0.901235402,0.224942744,0.85494665,0.038521854
267,TTB6-3,324493.17,0.516737163,0.893504918,0.376767755,0.848311429,0.057836725
268,TTB6-4,320023.5671,0.536529183,0.891569257,0.355040073,0.849709252,0.046156397
269,TTB6-5,336114.1375,0.829508841,0.893097937,0.063589096,0.861423623,0.011145395
270,TTB6-6,327174.9317,0.544519186,0.896754324,0.352235138,0.847318197,0.045247407
271,TTB6-7,320023.5671,0.746376872,0.882858157,0.136481285,0.855221406,0.016919826
272,TTB6-8,321811.4082,0.833701074,0.897062123,0.063361049,0.865777277,0.011134722
273,TTB6-9,317341.8053,0.613499165,0.892809689,0.279310524,0.860142477,0.031519849
274,TTB7-1,788437.9502,0.598324478,0.891743064,0.293418586,0.855785309,0.026905778
275,TTB7-2,319129.6465,0.821216702,0.889963746,0.068747044,0.856341825,0.011821606
276,TTB7-3,318235.7259,0.833126307,0.890116036,0.056989729,0.858602173,0.00989128
277,TTB7-4,319129.6465,0.8347435,0.894804478,0.060060978,0.868882833,0.010204414
278,TTB7-5,310190.4407,0.801441789,0.896061838,0.094620049,0.86633621,0.011307967
279,TTB7-6,310190.4407,0.813303113,0.893975854,0.080672741,0.865965564,0.011567457
280,TTB7-7,310190.4407,0.640152991,0.891165495,0.251012504,0.862304755,0.029851461
281,TTB7-8,313766.123,0.606536865,0.903192818,0.296655953,0.857837288,0.04262566
282,TTB7-9,297675.5526,0.658726096,0.895925343,0.237199247,0.859650994,0.027556984
283,TTB8-1,589987.5818,0.812193274,0.896062136,0.083868861,0.872194966,0.011072898
284,TTB8-2,307508.679,0.831854045,0.896986783,0.065132737,0.872776876,0.011107621
285,TTB8-3,304826.9172,0.837253988,0.907119334,0.069865346,0.873404612,0.012301585
286,TTB8-4,225267.9858,0.84451139,0.902182341,0.057670951,0.874769593,0.010338545
287,TTB8-5,282478.9028,0.837453485,0.893339872,0.055886388,0.869583824,0.009872031
288,TTB8-6,310190.4407,0.831189215,0.895003319,0.063814104,0.86992469,0.0113341
289,TTB8-7,323599.2494,0.796350241,0.895953238,0.099602997,0.869468865,0.012240291
290,TTB8-8,329856.6934,0.709021032,0.894508362,0.18548733,0.863192392,0.02296942
291,TTB8-9,304826.9172,0.73234731,0.897769213,0.165421903,0.860386784,0.022086877
292,TTA1-1,23241.93504,0.850885391,0.906682372,0.055796981,0.879269728,0.014014956
293,TTA1-2,56316.99644,0.776905477,0.902462482,0.125557005,0.850421804,0.032550966
294,TTA1-3,77771.09032,0.757488906,0.897667468,0.140178561,0.844543534,0.030492693
295,TTA1-4,121573.1987,0.61894244,0.88699919,0.26805675,0.807990977,0.065693942
296,TTA1-5,129618.4839,0.737905979,0.889476478,0.151570499,0.841559436,0.035418086
297,TTA1-6,3575.682314,0.739757836,0.760907114,0.021149278,0.748570532,0.008068912
298,TTA1-7,1787.841157,0.763033211,0.772253454,0.009220243,0.767643332,0.004610121
299,TTA2-1,2681.761735,0.824452162,0.869043231,0.044591069,0.849616388,0.01865081
300,TTA2-2,6257.444049,0.827516258,0.878553033,0.051036775,0.856631509,0.016700363
301,TTA2-3,182359.798,0.728099644,0.907196403,0.179096758,0.855582181,0.042409186
302,TTA2-4,134088.0868,0.767805636,0.900767267,0.132961631,0.870990785,0.020883868
303,TTA2-5,16984.49099,0.849601865,0.894087255,0.04448539,0.869840133,0.012104955
304,TTA3-1,18772.33215,0.668103516,0.872333229,0.204229712,0.814827317,0.045009527
305,TTA3-2,84922.45495,0.718826056,0.898107111,0.179281056,0.829623077,0.04310557
306,TTA3-3,168057.0687,0.704784572,0.898586452,0.19380188,0.855851608,0.032730771
307,TTA3-4,272645.7764,0.792231619,0.898844659,0.10661304,0.86356618,0.018195328
308,TTA3-5,289630.2674,0.785796106,0.904999197,0.119203091,0.865902885,0.020530315
309,TTA3-6,264600.4912,0.848037541,0.897370934,0.049333394,0.877042918,0.009884624
310,TTA3-7,289630.2674,0.815483868,0.902119935,0.086636066,0.876620532,0.01276734
311,TTA5-1,9833.126363,0.850132883,0.870753586,0.020620704,0.860270571,0.006368901
312,TTA5-2,3575.682314,0.875436187,0.882842183,0.007405996,0.879700199,0.002787586
313,TTA5-3,73301.48743,0.843817353,0.899972677,0.056155324,0.87407659,0.011862122
314,TTA5-4,149284.7366,0.841109097,0.911155343,0.070046246,0.876870808,0.012040909
315,TTA5-5,203813.8919,0.712952733,0.911710024,0.198757291,0.871338913,0.02586286
316,TTA5-6,220798.3829,0.58596921,0.912537813,0.326568604,0.852401669,0.04962632
317,TTA5-7,165375.307,0.756626904,0.897731543,0.141104639,0.860049158,0.025927668
318,TTA5-8,18772.33215,0.838695884,0.889553607,0.050857723,0.871191053,0.011219906
319,TTA6-1,310190.4407,0.714403868,0.898691714,0.184287846,0.859426423,0.026880849
320,TTA6-2,194874.6861,0.827218294,0.888310432,0.061092138,0.85997257,0.01062818
321,TTA6-3,299463.3938,0.757233083,0.887211859,0.129978776,0.855497851,0.016739726
322,TTA6-4,294993.7909,0.841117501,0.89416039,0.053042889,0.870069282,0.009908033
323,TTA6-5,309296.5201,0.847183287,0.896009207,0.04882592,0.872571349,0.008936326
324,TTA6-6,292312.0291,0.744411588,0.90604645,0.161634862,0.865938233,0.016197217
325,TTA6-7,304826.9172,0.791818619,0.899213433,0.107394814,0.866728883,0.012766942
326,TTA6-8,298569.4732,0.841983676,0.895359755,0.053376079,0.869786653,0.010059144
327,TTA6-9,302145.1555,0.769435048,0.896799505,0.127364457,0.862988595,0.016806851
328,TTA6-10,311084.3613,0.795093,0.898880184,0.103787184,0.867947411,0.012472831
329,TTA7-1,62574.44049,0.734777033,0.884944022,0.150166988,0.859641936,0.020689854
330,TTA7-2,92073.81958,0.826093554,0.886014819,0.059921265,0.857450231,0.011774341
331,TTA7-3,238676.7944,0.681085706,0.89117372,0.210088015,0.841035764,0.041308824
332,TTA7-4,279797.141,0.782990873,0.894852936,0.111862063,0.862442867,0.013336834
333,TTA7-5,286054.5851,0.836795509,0.892629802,0.055834293,0.862970716,0.011673878
334,TTA7-6,293205.9497,0.839253724,0.891073644,0.051819921,0.86327541,0.011292042
335,TTA7-7,296781.632,0.826978207,0.890900075,0.063921869,0.859200773,0.010712236
336,TTA7-8,291418.1086,0.702704847,0.893524706,0.19081986,0.846864192,0.031491937
337,TTA7-9,307508.679,0.714860737,0.878707051,0.163846314,0.839649983,0.025512487
338,TTA7-10,295887.7115,0.705982804,0.881931365,0.17594856,0.847760543,0.02394538
