lat,lon,understoryComplexity,water,grass,shrubs,treefall,Elevation_100mMEAN,Elevation_1500mMEAN,Elevation_500mMEAN,slope_pc_rise_1000mMEAN,slope_pc_rise_100mMEAN,slope_pc_rise_1500mMEAN,slope_pc_rise_500mMEAN,Canopy_Height_1000_mMEAN,Canopy_Height_100mMEAN,Canopy_Height_1500_mMEAN,Canopy_Height_500mMEAN,Disturbed_Canopy_100mPercent,Disturbed_Canopy_1500mPercent,Disturbed_Canopy_500mPercent,Disturbed_Canopy1_1000mPercent,Eucdist_Roads_km_100MEAN,Eucdist_Roads_km_1000MEAN,Eucdist_Roads_km_1500MEAN,Eucdist_Roads_km_500MEAN,PTCT_1000m_Kernal_DensityMEAN,PTCT_100m_Kernal_DensityMEAN,PTCT_1500m_Kernal_DensityMEAN,PTCT_500mb_Kernal_DensityMEAN,PercentIntactforest20161000m,PercentNonforest1000m,PercentRegrowth197320161000m,PercentIntactforest2016100m,PercentNonforest100m,PercentRegrowth19732016100m,PercentIntactforest20161500m,PercentNonforest1500m,PercentRegrowth197320161500m,PercentIntactforest2016500m,PercentNonforest500m,PercentRegrowth19732016500m,Zonal_Stats1000mMEAN,Zonal_Stats100mMEAN,Zonal_Stats1500mMEAN,Zonal_Stats500mMEAN,PTCT_1000m_5m_TreeCover_PercentMEAN,PTCT_100m_5m_TreeCover_PercentMEAN,PTCT_1500m_5m_TreeCover_PercentMEAN,PTCT_500m_5m_TreeCover_PercentMEAN
0.855313959,110.087282,2,10,0,0,10,493.9375,,530.5,,27.1774117350578,,52.608454097401,,39,,39,0,,0,,4.90718108957464,,,5.35445776352516,,0.5237,,0.5061,80.38556881,0.223822912,19.39048459,100,0,0,79.34643972,0.886518574,19.76695296,98.34758525,0,1.652414746,,0.879269728,,0.859017872,,74.125,,68.3461538461538
0.85784303,110.086427,2,0,0,0,10,525.451612903226,,675.333333333333,,41.9565327552057,,111.696855243884,36,39,,38.9384615384615,14.2441893,,0,0,5.15327423148685,6.09995460510254,,5.51367176903619,0.418,0.4776,,0.4819,78.20350009,1.988581984,19.80778775,100,0,0,73.72429312,0.886518574,25.38910465,90.16686577,0,9.833134232,0.789516628,0.850421804,,0.806500362,,74.0555555555556,,58.6595744680851
0.860539991,110.085967,2,10,0,0,0,600.807692307692,1060.03921568627,926.5375,,68.4076840327336,17.2475844084048,73.2021524906159,36.0610687022901,38,37.302752293578,37.8117647058824,2.8488379,0.012645,0.6830082,0,5.39186879304739,6.27598293744601,6.81120471419575,5.79597176080463,0.3255,0.421,0.2345,0.3865,68.68607587,1.994666791,29.31913165,100,0,0,67.09073873,0.886518574,32.022653,77.97605987,0.005537364,22.01840276,0.795384905,0.844543534,0.822908278,0.847668627,57.7685185185185,71.5454545454546,65.9479166666667,60.9591836734694
0.860454999,110.084601,2,0,0,0,0,659.620689655173,1038.62222222222,961.425196850394,,128.572149210963,26.5805954403347,79.7929029089259,36.1761006289308,38,39.2661870503597,36.7037037037037,0,0,1.138347,0,5.50370589324406,6.37472911477089,6.90888449843501,5.83709740288117,0.3219,0.4222,0.2275,0.4108,75.28301001,1.994666791,22.72220365,100,0,0,69.62056697,0.886518574,29.49283018,91.4086553,0,8.591344699,0.822824932,0.807990977,0.814614521,0.865924365,59.9652173913044,63.0416666666667,67.8547008547009,59.1066666666667
0.858204961,110.083065,2,0,0,0,0,647.125,869.846153846154,808.911764705882,,141.176952123642,82.3726093585675,81.4836710971945,36,39,42,36.9178082191781,0,0,0.3415041,0,5.46978728430612,6.40350971466456,6.94269565435556,5.75376717797641,0.3863,0.4767,0.2843,0.4829,90.68104151,0.155024275,9.163818578,100,0,0,78.76675039,0.886518574,20.34663703,100,0,0,0.854645549,0.841559436,0.830290946,0.860468861,63.28,61.15625,70.6666666666667,62.0571428571429
0.855592992,110.082755,2,0,0,20,0,539.28125,,682.8,,55.2059750556946,,82.8995269775391,,39,,37,0,,0,,5.33661086857319,,,5.80160069465637,,0.53,,0.5111,96.38321921,0,3.616644677,100,0,0,85.61407903,0.886518574,13.49931442,100,0,0,,0.748570532,,0.879038617,,69.2068965517241,,
0.853640009,110.081706,2,0,0,60,0,438.1875,,645,,77.6862201094627,,75.1590270996094,,37.62857143,,37,0,,0,,5.31697295052665,,,5.82349133491516,,0.567,,0.5158,99.99715947,0,0.002698893,100,0,0,92.54425138,0.15675253,7.298907608,100,0,0,,0.767643332,,0.876448202,,67.8,,73
0.855318988,110.089445,2.5,0,0,30,10,531.375,,671.25,,39.1923235654831,,26.8723640441895,,39,,38,22.7907028,,0,,4.71875700354576,,,4.30143801371257,,0.5177,,0.5345,74.81233089,0.539585092,24.64795765,100,0,0,77.95728372,0.886518574,21.15610562,92.92580637,0,7.074193625,,0.849616388,,0.845869519,,73.59375,,57
0.857423013,110.091258,2,0,0,0,10,679.62962962963,,670.333333333333,,80.7159675315574,,28.6898765563965,,38,,38,34.1860542,,0,,4.71760642143988,,,4.26063237871443,,0.4887,,0.534,64.8407436,1.994666791,33.16445274,100,0,0,72.50196458,0.886518574,26.61142772,60.06635312,0,39.93364688,,0.856631509,,0.821471883,,70.5,,57.1428571428572
0.85643596,110.093628,2,10,0,20,40,724.5,,570.831578947368,,36.3774802088738,,53.9213533401489,38,38,,38,0,,0.1138347,0,4.4484217098781,3.74847486711318,,4.1602604728119,0.5873,0.5133,,0.5413,68.15383115,1.173858102,30.67217811,52.15892555,0,47.84107445,75.30552166,0.886518574,23.80786763,57.33482858,0,42.66517142,0.844547759,0.855582181,,0.850182337,69.6470588235294,63,,64.6390977443609
0.853803037,110.094057,2,0,0,30,10,661,,527.460992907801,,30.3922845721245,,43.8993905791154,38,38,,38.2953020134228,0,,0,0,4.21889393670218,3.51590558267989,,3.88884832223256,0.5848,0.538,,0.552,77.14174146,0,22.85811127,73.05344772,0,26.94655228,79.95426613,0.886518574,19.15913199,61.70668267,0,38.29331733,0.870127709,0.870990785,,0.820508833,69.6862745098039,62.962962962963,,66.5
0.85121898,110.093265,2,0,0,20,10,621.548387096774,,577.277777777778,,40.0982286237901,,49.8710252973769,,38.54285714,,39,0,,0,,4.10298834906684,,,3.70906183594152,,0.5568,,0.5511,83.3816265,0,16.61823502,39.00472603,0,60.99527397,84.06480052,0.377408306,15.55770285,76.1586874,0,23.8413126,,0.869840133,,0.857825297,,71,,
0.848912029,110.091974,2,0,0,20,30,472.666666666667,,,,62.5823919122869,,,,39,,,0,,,,4.07043325560434,,,,,0.5776,,,87.65909026,0,12.34077487,100,0,0,88.02610776,0.305645105,11.66816437,87.9897506,0,12.0102494,,,,0.870889051,,,,
0.852628984,110.079176,2.5,10,0,30,10,404.15,,623.333333333333,,53.0372568130493,,81.1543142530653,,37,,37,0,,0,,5.50391705139824,,,5.90333731969198,,0.5816,,0.5123,99.99985581,0,0,100,0,0,98.33553467,0.131684433,1.532693429,100,0,0,,0.814827317,,0.875935661,,74.3333333333333,,67.8421052631579
0.853151008,110.076572,2,30,0,30,10,383.575757575758,737.084507042254,557.911111111111,,38.2168735735344,42.7467964736509,85.2843675825331,39.7741935483871,37,42,37.2886597938144,0,0,1.4798511,0,5.78482794761658,6.59136658448439,7.09039324085887,6.11730855138678,0.3983,0.5693,0.2862,0.4982,99.99987574,0,0,100,0,0,99.84695405,0.152957336,0,100,0,0,0.854398987,0.829623077,0.871127355,0.861537954,71.5866666666667,74.7666666666667,72.140625,72.3541666666667
0.853672028,110.073854,2,10,0,10,10,367,617.460207612457,429.789772727273,,34.1650153073398,58.9182599836567,65.3075264583934,40.3574144486692,37.62857143,40.7870967741936,38.6791443850267,0,0.0885148,0.5691735,0.3129622,6.06560276576451,6.84006113516514,7.31930320801274,6.40811797405811,0.3707,0.5443,0.2557,0.4768,99.89697877,0.102884997,0,100,0,0,99.59266891,0.407239401,0,100,0,0,0.857568123,0.855851608,0.857128048,0.877128221,72.9184549356223,74.2121212121212,72.0620437956205,73.241935483871
0.855341032,110.071821,2.5,0,0,30,10,373.3125,632.983361064892,449.832142857143,,50.4180965423584,60.8870420229812,65.3890103306089,40.4254473161034,39,39.2916030534351,38.9409836065574,2.8488379,0.0632248,0.9106776,0.0569022,6.35850363307529,7.05257634588852,7.54067992437177,6.63484476746106,0.3264,0.4951,0.2121,0.4336,99.9229327,0.076934144,0,100,0,0,99.8093972,0.190524588,0,100,0,0,0.866101695,0.86356618,0.861952516,0.86506251,71.9214285714286,75.5428571428572,71.5919055649241,73.5275862068966
0.856093979,110.069173,2,20,0,10,10,331.030303030303,629.042735042735,365.215231788079,,38.6109563076135,62.5918803761827,43.6595174334697,39.5231316725979,39,38.2755905511811,39.478527607362,0,0.012645,1.2521816,0.0284511,6.64600960867746,7.35646476677607,7.82681288235429,6.91630347569784,0.2829,0.4474,0.1715,0.39,99.92289621,0.07699795,0,100,0,0,99.82196306,0.177948345,0,100,0,0,0.872446243,0.865902885,0.864665885,0.867883246,71.4591194968554,73.4857142857143,71.4135802469136,73.4662162162162
0.854894025,110.066775,2,0,0,50,10,296.484848484849,469.82974137931,251.749077490775,,16.5598336855571,48.7167556106017,23.7408093878264,38.3762376237624,39,39.1178861788618,38.9152542372881,0,0.0379349,0,0,6.79879658562796,7.48078521329965,7.96479135763766,7.00696572580853,0.273,0.4278,0.1608,0.3853,99.6606796,0.339206588,0,100,0,0,99.70627705,0.293620729,0,100,0,0,0.878863943,0.877042918,0.875037562,0.877678323,71.9652173913044,73.9142857142857,69.0252525252525,73.2364341085271
0.855630962,110.06417,2,0,0,20,0,261.4375,599.157568238213,289.596721311475,,23.3407117426395,51.0806715632639,32.5208956124353,38.4108280254777,39,38.6765714285714,39.0030769230769,0,0.0379349,0.1138347,0.0569022,7.08190757036209,7.72703236473931,8.17603357487467,7.34798118214548,0.2119,0.3679,0.1131,0.3055,99.94555259,0.054340724,0,100,0,0,99.73693837,0.262986191,0,100,0,0,0.876543162,0.876620532,0.868279104,0.873832213,71.1374764595104,74.125,69.3348148148148,71.7575757575758
0.874576997,110.109938,2,0,0,40,10,267.125,,284.222222222222,,31.4771548658609,,32.2180275387234,,38,,38,0,,0,,4.13634262365453,,,3.73939269239252,,0.7739,,0.8457,96.83792767,3.161943529,0,100,0,0,92.45000865,6.763684575,0.786217979,100,0,0,,0.860270571,,0.864570579,,74.25,,74.0909090909091
0.874840021,110.10717,2,0,0,30,10,295.606060606061,,300,,34.2729101614519,,41.8317858378093,,36.125,,32,0,,0,,4.40056832134724,,,4.85354030132294,,0.6948,,0.5537,99.68875876,0.311109789,0,100,0,0,90.55109691,4.64905627,4.799763165,100,0,0,,0.879700199,,0.869710973,,74.5,,75
0.874743965,110.104452,2,0,0,40,0,331.818181818182,,321.644736842105,,42.2876730254202,,34.08485417617,,32,,33.1904761904762,0,,0,,4.64825549390581,,,5.03695497861723,,0.6133,,0.4924,96.69189054,0,3.307980496,100,0,0,87.68419977,0.995861988,11.31984596,100,0,0,,0.87407659,,0.877912641,,73.9444444444445,,72.3809523809524
0.874224035,110.101751,2,0,0,10,10,381.28125,,418.56050955414,,41.5765390321612,,45.4407022561237,0,32,,21.6787878787879,0,,0,0,4.87177703115675,5.61746040980021,,5.245254593695,0.3055,0.5353,,0.4227,87.83256242,0,12.16731191,100,0,0,77.77019572,0.016270477,22.21344127,98.77938797,0,1.220612028,0.843521416,0.876870808,,0.882659091,,73.3783783783784,,69.0121212121212
0.873079989,110.09928,2,0,0,30,10,477.875,,576.115384615385,,56.9957320094109,,58.4761261940002,0,29.40540541,,1.89473684210526,0,,0,0.0569022,5.05513946430103,5.69883040587107,,5.36471864215115,0.2877,0.4699,,0.3773,75.50262227,0,24.4972481,100,0,0,66.93442328,0.87501953,32.19045924,79.70078114,0,20.29921886,0.848813542,0.871338913,,0.876373202,67.4285714285714,68.027027027027,,67.0943396226415
0.873160036,110.096678,2,0,0,50,20,565.735294117647,,699.224832214765,,59.8472514994004,,87.5403139191186,32.0963855421687,0,,3.53605015673981,0,,1.138347,0,5.31425746749429,5.93076679764724,,5.56110452026223,0.2443,0.392,,0.3229,60.14150633,0,39.85836965,0,0,100,55.48781717,0.886518574,43.6255761,55.8532791,0,44.14672091,0.817436905,0.852401669,,0.883925271,70.7349397590361,71,,65.2191780821918
0.874986034,110.094413,2,0,0,10,10,552.484848484849,,708.089552238806,,42.8885213100549,,82.615015789051,36,0,,8.50909090909091,0,,0.1138347,0.0284511,5.6294400112049,6.1393297441078,,5.87162389883546,0.2118,0.3065,,0.249,44.79350822,0,55.20635258,59.38886719,0,40.61113281,46.49773788,1.422402619,52.079773,51.67436778,0,48.32563222,0.767448393,0.860049158,,0.891845827,69.5961538461538,54.9333333333333,,67.7697368421053
0.877460958,110.093387,2,0,0,30,10,522.666666666667,,633.25,,21.3611812591553,,74.4197966098786,,24,,33.7142857142857,0,,0,,5.85925483703613,,,6.05179414295015,,0.2522,,0.2154,39.42233042,0.134177285,60.44336362,100,0,0,45.86556745,1.857846733,52.27649749,62.21093953,0,37.78906047,,0.871191053,,0.863929353,,65.2941176470588,,74.5
0.883520991,110.119816,2,0,0,10,10,268.757575757576,295.993939393939,272.049230769231,,10.274218844645,12.6342092474302,12.5026156933491,36.8422535211268,37,37.5897435897436,36.495652173913,0,0,3.9842145,0,4.09260186553001,4.8335443553278,5.13174940251756,4.32836525996755,0.539,0.7526,0.3967,0.7086,86.76575835,13.23410706,0,100,0,0,93.10219329,6.89771752,0,82.46140895,17.53859105,0,0.856566635,0.859426423,0.866462281,0.8633768,75.2760563380282,76.34375,75.5384615384615,71.8
0.90646402,110.123175,2,30,0,50,10,267.53125,199.748987854251,253.48125,,11.1580255590379,12.8967789869439,22.9753492504358,37.8947368421053,36.75,36.7568331762488,36.9685714285714,0,0,0,0,4.45591836656843,3.77165253754203,3.36918526882297,4.17849285849209,0.0369,0.1016,0.0278,0.0687,99.99989424,0,0,100,0,0,98.36201103,0.209375214,1.428536549,100,0,0,0.866605087,0.867947411,0.868370835,0.872797952,74.3115220483642,75.4722222222222,73.5032987747408,74.8457142857143
0.88537096,110.121851,2,0,0,20,0,262.709677419355,300.56330749354,258.264705882353,,10.2714873360049,15.9464421027391,12.5653276867142,37.1069182389937,36.14285714,37.4454976303318,36.3899082568807,0,0,0,0,4.14946434232924,4.35342254862189,4.51193501650583,4.28045248657192,0.4638,0.698,0.3295,0.605,90.70952617,9.290333992,0,100,0,0,93.48941586,6.510502132,0,99.53032219,0.469677809,0,0.868302414,0.85997257,0.871323741,0.875306464,75.314465408805,75.3714285714286,75.5521327014218,74.5596330275229
0.88801302,110.122588,2,0,0,0,0,261,292.334210526316,260.387096774194,,15.5080997236073,14.8103434131334,13.6568637482582,37.4403361344538,36,37.3357664233577,36.4910714285714,0,0,0,0,4.28056267329625,4.3766833313373,4.52435758201087,4.28497838902829,0.4067,0.6164,0.2806,0.5393,96.14495539,3.854923028,0,100,0,0,94.05121979,5.948684738,0,100,0,0,0.871430798,0.855497851,0.864696815,0.867192568,75.4134453781513,75.2972972972973,74.5766423357664,74.6428571428571
0.890697995,110.122625,2,20,0,20,10,257.65625,288.643665158371,282.91,,10.8635588884354,13.6896246031803,16.1931773569187,37.5007587253414,36,36.8647798742138,37.1341463414634,0,0,0,0,4.33682102770419,4.51829416029381,4.54653000209426,4.42704161297191,0.3418,0.5338,0.2287,0.4573,99.91395082,0.085926714,0,100,0,0,96.31184066,3.688081263,0,100,0,0,0.869171164,0.870069282,0.86542128,0.833861788,75.3247344461305,74.945945945946,74.3060796645702,75.6036585365854
0.893462012,110.123209,2,0,0,10,10,296.470588235294,278.055036344756,293.75625,,9.95849154100699,16.5151142081863,15.2778063736856,37.2615606936416,37.45714286,36.6669893514037,37.4608695652174,0,0,0,0,4.35611753993564,4.4540925360623,4.25639113919171,4.40793493235042,0.2642,0.4464,0.1631,0.3741,99.99988987,0,0,100,0,0,98.61108552,1.388846661,0,100,0,0,0.866198655,0.872571349,0.862024277,0.871673685,74.7442196531792,76.3428571428571,73.8712487899322,75.5884057971015
0.895744991,110.124712,2,0,0,20,10,290.375,259.726362625139,292.148387096774,,11.5062830429524,19.025774699297,13.0432970858389,36.6161764705882,37,36.6604361370717,37.1762917933131,0,0,0,0,4.28356537553999,4.13159418350432,3.84271060824394,4.25474926747313,0.2027,0.3695,0.11,0.3021,99.99987878,0,0,100,0,0,99.98765104,0.012266056,0,100,0,0,0.865693866,0.865938233,0.861516595,0.876071279,74.2132352941177,75.6944444444445,73.3198338525441,74.9939209726444
0.898463996,110.125448,2.5,10,0,30,10,283.176470588235,235.428276573787,289.143312101911,,12.7144486623652,19.5598596874528,12.5788251087544,36.5152394775036,37,37.0771428571429,36.8563049853372,0,0,0,0,4.31908305486043,4.22295777475886,3.83322780927022,4.37095195596868,0.1278,0.2847,0.0646,0.219,99.99990111,0,0,100,0,0,99.99992807,0,0,100,0,0,0.858660984,0.866728883,0.863426776,0.86396977,73.8301886792453,74.8857142857143,73.1971428571429,75.0967741935484
0.901086023,110.124759,2,0,0,20,30,288.625,225.215316315205,287.803225806452,,10.5815927889198,17.1455948065706,15.4124901450449,36.6656534954407,36.69444444,37.661899897855,36.5375375375375,0,0,0,0,4.50700726774004,4.28359246722869,3.87808812529123,4.62682519986958,0.0979,0.217,0.0553,0.1638,99.9998785,0,0,100,0,0,99.99993056,0,0,100,0,0,0.864853814,0.869786653,0.867439426,0.861064999,74.3343465045593,75.3333333333333,74.2134831460674,74.5435435435436
0.903637977,110.123661,2,20,0,10,0,280.8125,220.24126984127,273.888888888889,,13.5622419510037,17.0441427369597,19.2521654501794,37.4594202898551,36.42857143,37.4965719882468,36.6231454005935,0,0,0,0,4.70855009233629,4.10882053563469,3.73468146104654,4.48388498069267,0.0756,0.1584,0.0534,0.1187,99.99991072,0,0,100,0,0,99.87120448,0,0.128715777,100,0,0,0.862893744,0.862988595,0.864154939,0.870465987,74.295652173913,75.2571428571429,74.3780607247796,74.2967359050445
0.878449017,110.118743,2,0,0,30,30,260.454545454545,,254.088235294118,,10.412692722046,,14.8687968762482,,37,,37,5.6976757,,1.138347,,3.71950222386254,,,4.00029550961086,,0.8694,,0.8168,85.0343464,14.96553218,0,31.98884047,68.01115953,0,93.10214825,6.897762155,0,53.5917087,46.4082913,0,,0.859641936,,0.846214847,,62.0285714285714,,68.0140845070423
0.894473959,110.104403,2,0,0,40,10,293.875,394.567430025445,288.987012987013,,16.4699999019504,23.0377164727252,11.1052626675213,12.5594936708861,34,17.7890995260664,33.669696969697,0,0,0.1138347,0,5.79038149601704,5.27363649319999,4.80818432315266,5.68161951307084,0.203,0.3179,0.1564,0.2876,99.96064475,0.039229331,0,100,0,0,98.60063517,0.347978329,1.051314734,99.84304131,0.156958689,0,0.865950563,0.847760543,0.874516887,0.852406718,72.7265193370166,74.4864864864865,71.3756218905473,73.4818181818182
0.881631961,110.117916,1.5,0,20,50,0,261,,254.617021276596,,10.5690276692895,,12.2892023122057,38,37,,36.9705882352941,28.4883785,,0.2276694,0,4.04647298157215,5.02988010644913,,4.38536494912453,0.5522,0.7931,,0.7278,85.33800194,14.66186373,0,21.99756585,78.00243415,0,93.10215395,6.897762155,0,68.1547439,31.8452561,0,0.853844598,0.857450231,,0.802832056,76.25,61.25,,74.1470588235294
0.883397022,110.115771,1.5,0,0,50,60,267.75,301.192307692308,263.813765182186,,14.1348620671779,11.0374169120422,14.4835395171092,38,37,37,37.2201492537313,2.8488379,0,1.0245123,0,4.35141363408831,5.20733583869273,5.71277330471919,4.666518072064,0.5035,0.727,0.3701,0.6477,88.37906793,11.62080452,0,91.03776812,8.962231878,0,93.3083063,6.691608065,0,82.39584188,17.60415812,0,0.858483844,0.841035764,0.858427249,0.863659584,76.0632183908046,74.2,75.3076923076923,74.7537313432836
0.885898015,110.114706,2,0,0,30,10,282.875,309.726618705036,283.537671232877,,13.3429990187287,13.1155988128065,11.0392255091096,37.6529209621993,37.75,36.6078431372549,37.4153354632588,25.6395397,0,0,0,4.64428788423538,5.46872586093537,5.52093439787821,4.92973253902155,0.4352,0.6467,0.3223,0.5674,92.29136041,7.708513432,0,70.62844554,29.37155446,0,93.59743326,6.402478731,0,93.47488355,6.525116453,0,0.856076248,0.862442867,0.8492053,0.857507922,75.2164948453608,76,74.7712418300654,75.4249201277955
0.888558012,110.114138,2.5,0,0,30,10,293.5625,295.939516129032,289.315254237288,,7.13856647536159,9.49357352237548,10.1433188779879,36.5911602209945,38,35.6641509433962,37.39375,0,0,0,0,4.91350094931466,5.60597188981286,5.30528404127877,5.1776472106576,0.3713,0.5684,0.2727,0.4932,96.2407371,3.759155269,0,100,0,0,95.26343162,4.736478844,0,96.50577109,3.49422891,0,0.855840865,0.862970716,0.847839957,0.850695852,74.8508287292818,75.5833333333333,74.3056603773585,75.940625
0.891295038,110.113917,2,0,0,20,10,286.0625,292.686411149826,290.58064516129,,10.4969974905252,11.3105249890882,11.577814395197,36.4230769230769,38,35.408945686901,37.2917933130699,0,0,0,0,5.17952229082584,5.41092342038235,5.09945462903669,5.34775460057142,0.3125,0.4912,0.2306,0.4238,98.66772624,1.332148399,0,100,0,0,96.83460986,3.165298854,0,99.5345905,0.465409503,0,0.858195089,0.86327541,0.862561972,0.859938603,74.5961538461538,75.1875,73.6741214057508,75.0759878419453
0.893520014,110.112375,2,0,0,10,10,285.15625,297.962877030162,301.837748344371,,3.57984374836087,23.5662501759983,14.7415243758271,35.6047794117647,37.11428571,35.8790496760259,37.178247734139,0,0,0,0,5.47438038417271,5.294722815573,4.91518171782135,5.52621346783925,0.2718,0.4225,0.1967,0.3614,99.23700023,0.762859029,0,100,0,0,98.7885171,1.211387604,0,100,0,0,0.84987911,0.859200773,0.869776068,0.853350496,74.2683823529412,74.0285714285714,73.07343412527,75.2809667673716
0.894564986,110.109898,2,0,0,30,30,296.69696969697,306.585416666667,299.390879478827,,10.5881235274402,23.0182093511025,13.4314278284579,34.8645038167939,37,31.240234375,36.2987804878049,0,0,0,0.0284511,5.68362939357758,5.28814391272409,4.77845019589138,5.55712010670293,0.2468,0.3761,0.1732,0.333,99.48979345,0.510088597,0,100,0,0,99.42696571,0.57295596,0,100,0,0,0.85805407,0.846864192,0.871726764,0.856459539,73.6851145038168,75.3125,72.6565656565657,74.6463414634146
0.894584013,110.107101,2,0,0,20,10,271.34375,355.950617283951,289.097791798107,,12.4894716590643,23.3359118031867,7.82046883245372,32.8149882903981,35.83333333,21.2224770642202,33.997084548105,0,0,0,0,5.74409914016724,5.31910820410285,4.78734390417002,5.66532046573107,0.2277,0.3478,0.1647,0.3191,99.71761241,0.282226654,0,100,0,0,99.47220473,0.527710244,0,100,0,0,0.863395221,0.839649983,0.872215935,0.864169685,72.6,74.6111111111111,71.8309178743961,73.9941690962099
0.857965993,110.088399,2,0,0,10,10,605.40625,664.520736698499,627.276752767528,,55.3845107555389,48.6030490898094,56.9485322141706,38.1289129197496,39,36.7755875663381,38.5296127562642,0,2.2255137,8.5376024,3.5279379,4.99604931142595,5.01720325063852,5.04264513676641,5.02129893508358,0.4775,0.4719,0.4803,0.4722,68.70269158,1.994666791,29.30250445,100,0,0,71.77126817,0.886518574,27.34211856,77.74392319,0,22.25607681,0.849061513,0.841183077,0.848086827,0.834671772,68.3570102135562,73.8888888888889,68.0401275079693,72.356401384083
0.860758005,110.087234,2.5,0,0,10,10,662.393939393939,974.121647509579,844.854227405248,,86.9084469188343,49.5306621073991,74.0187176615434,35.8295302013423,38,29.3065953654189,38.0517711171662,14.2441893,0.379349,1.3660164,0.7112777,5.29526587894985,5.89030048617705,6.22728693835563,5.53419056616194,0.3223,0.4144,0.2735,0.3748,62.61167918,1.994666791,35.39352003,92.30289592,0,7.697104078,65.13282532,0.886518574,33.98056785,63.67693873,1.257217986,35.06584328,0.81280405,0.848374766,0.824154382,0.807297436,64.5792253521127,75.5,65.7819732034105,70.2382671480144
0.860088039,110.089797,2,10,0,10,10,817.21875,451.466666666667,899.520958083832,,76.8233903646469,33.7846100018138,50.8403949716134,36.3217665615142,38.2,30.1330376940133,38,11.3953514,0.012645,0.3415041,0.0853533,5.0363059588841,4.73752443548999,4.48092481302316,4.92878309796365,0.4903,0.4357,0.5566,0.4391,57.28870546,1.994666791,40.71649841,0.191401246,0,99.80859875,65.7707755,0.886518574,33.34261609,44.12857729,2.905736488,52.96568622,0.875709179,0.850771482,0.869023658,0.872096532,68.9423076923077,73.9285714285714,71.0091743119266,62.876404494382
0.858488018,110.092087,2,10,0,30,10,829.53125,396.097393689986,689.705223880597,,86.2087116241455,32.3668010440874,58.1755116804322,38.1245353159851,38,38.0190597204574,38,31.3372154,0,0,0.0284511,4.73196600543128,4.1055222160311,3.7021857706545,4.50017458424226,0.5603,0.4772,0.5999,0.5084,60.8679538,1.994666791,37.13724813,45.82371669,0,54.17628331,70.12886718,0.886518574,28.98452415,46.4739029,0,53.5260971,0.873330498,0.864306433,0.871375838,0.790652139,69.0314960629921,,71.3118421052632,62.3064516129032
0.861200988,110.092839,2,0,0,0,10,901.96875,484.159052453469,784.073275862069,,67.3737280368805,41.4590854913047,72.7056400323736,24.5066079295154,38,23.2377952755906,38,0,0.0252899,0.1138347,0.0569022,4.88764374964946,4.90124962498656,4.77396560766566,4.96138584710718,0.4791,0.4478,0.5227,0.4444,51.26766369,1.994666791,46.73754103,0,0,100,64.00984904,0.886518574,35.10355277,19.73627684,5.068755619,75.19496754,0.849879022,0.86990723,0.87291064,0.849895545,67.9954751131222,62.53125,71.3990147783251,65.8729508196721
0.851950971,110.085665,2,0,0,10,10,433.3125,271.226459510358,403.779883381924,,41.2633090019226,25.5960859055236,32.0669900032939,37.2387096774194,38.77777778,37.231744643638,38,0,0.0632248,0.2276694,0.1707066,4.83799968447004,4.7953063062578,4.75929027488121,4.85645677732385,0.6111,0.5828,0.6097,0.5857,96.90273251,0,3.09713227,100,0,0,87.82967977,0.360848634,11.80938035,100,0,0,0.869162973,0.869814218,0.867972483,0.837227624,71.3601252609603,71.4545454545455,71.7762955361724,70.0371819960861
0.849672016,110.083987,2,0,0,10,10,352.75,211.58170606372,306.786163522013,,23.8237646520138,18.9036836081394,22.664881462571,36.8505747126437,37,36.8314285714286,37,0,0.0252899,0,0.0569022,4.87321078777313,4.93160611271517,4.95628695192791,4.91893069316886,0.6301,0.6145,0.5969,0.6291,99.99987337,0,0,100,0,0,93.5913578,0,6.408558572,100,0,0,0.866734624,0.875098289,0.861408836,0.881404226,71.6856127886323,72.7222222222222,72.6201232032854,72.3558558558559
0.846784031,110.083226,2,0,0,10,10,295.03125,186.986368062317,256.551319648094,,11.4883722737432,21.7127473567918,20.2241804063145,36.4173441734417,37,36.2717391304348,36.9889807162534,0,0.1770295,0,0,4.77437871032291,4.57899076741295,4.45743104195724,4.72238038784891,0.6255,0.639,0.5736,0.6442,99.99987633,0,0,100,0,0,97.9470498,0.34721893,1.705650107,100,0,0,0.865752441,0.870583978,0.859118003,0.876636402,71.2884333821376,74.1333333333333,72.8550295857988,72.6680497925311
0.844962979,110.080964,2,0,10,10,10,252.96875,158.345679012346,210.885802469136,,14.5625182390213,20.7215135412697,20.1779933978378,36.0970464135021,37,35.5718336483932,36.3295774647887,0,0.2781893,0,0,4.87161424997691,5.06262826919556,5.15401283787055,4.97774067621553,0.6171,0.6535,0.5513,0.6495,99.99986239,0,0,100,0,0,98.78147057,1.206340284,0.012097795,100,0,0,0.860172313,0.864785475,0.854591214,0.869441794,72.4052388289676,71.3157894736842,71.4685314685315,71.9583333333333
0.843697982,110.07825,2,10,0,20,10,223.657142857143,150.309338521401,190.826470588235,,17.9025190625872,12.4874999695947,14.0604212811765,36.4191780821918,37,31.7283500455789,35.9171270718232,0,0.2655443,0,0.8250821,5.06504291806902,5.38024299112085,5.56798224072707,5.21121055692352,0.5898,0.6549,0.5089,0.6387,98.56739938,1.432472915,0,100,0,0,98.32156125,1.678356942,0,100,0,0,0.853724984,0.86100691,0.862672141,0.861326592,72.5828025477707,72.3333333333333,70.5642570281125,71.2770700636943
0.841631005,110.075998,2,0,0,20,20,195.21875,153.321022727273,165.15988372093,,16.6830595657229,16.3186167175458,13.7402733775765,34.1606905710491,35,24.5348017621145,35.6747311827957,0,0.0505799,1.0245123,0.4267666,5.14530636923654,5.26372205357337,5.37080462710567,5.20634657370078,0.5518,0.6413,0.458,0.6155,97.68290113,2.316971295,0,100,0,0,97.370839,2.629072658,0,97.5198335,2.480166501,0,0.855058463,0.854294944,0.865337473,0.85856303,70.5289256198347,72.2647058823529,69.843137254902,73.031884057971
0.839741975,110.073842,2,10,0,20,20,163.705882352941,181.127144298688,158.566978193146,,9.41799839805154,18.9797649980193,23.7341998873099,25.3098591549296,35.33333333,24.4995322731525,35.8,2.8488379,0.012645,2.8458674,0.3414133,5.2157312801906,5.36827793810253,5.50255433860013,5.28505556515285,0.5006,0.6139,0.398,0.5774,96.95978627,3.040077636,0,85.04029968,14.95970032,0,97.21058452,2.78932281,0,92.59382231,7.40617769,0,0.861709783,0.843303444,0.867283491,0.858972239,70.4,73.7777777777778,72.1925343811395,71.3964285714286
0.83774901,110.072592,2,40,0,40,10,151.606060606061,176.655086848635,136.887640449438,,18.8899382822441,17.4492849209912,19.2389039178466,17.4362068965517,36,31.3563218390805,30.2666666666667,22.7907028,0.0632248,0.6830082,0.0284511,5.19419754252714,5.19894552969481,5.24775713661692,5.21508812151457,0.4529,0.5831,0.3468,0.5372,96.80687385,3.192997413,0,72.34548119,27.65451881,0,96.60368929,3.396222901,0,92.0471396,7.952860405,0,0.865256677,0.857816882,0.863247228,0.826289929,70.6028880866426,70.5882352941177,71.536312849162,70.606334841629
0.851190984,110.08158,2,0,0,10,10,341.59375,532.783269961977,408.789682539683,,26.9019424319267,68.4792600856534,49.3579012496131,37.2461059190031,37.16216216,39.4350877192982,37.0588235294118,0,0.1011597,0.2276694,0.3698644,5.19083054860433,6.00588920116425,6.53265906551428,5.50454706479521,0.5221,0.6041,0.443,0.5814,99.9998732,0,0,100,0,0,96.369124,2.66646e-05,3.630757135,100,0,0,0.828106102,0.867332768,0.861388079,0.87550965,72.0484429065744,72.9090909090909,73.6444444444445,72.0931677018634
0.851705968,110.078898,2,0,0,0,10,365.125,492.776053215078,381.5625,,19.3614833205938,47.8305966246155,42.4977720909649,38.1689497716895,37,39.8848484848485,37,0,0.1264497,0.6830082,0.2845111,5.47837454932077,6.24411009764617,6.76437736136711,5.74872025837974,0.498,0.5982,0.4026,0.5736,99.99986752,0,0,100,0,0,99.17148864,0.175114122,0.653302654,100,0,0,0.854278364,0.849809666,0.866121461,0.87348564,73,74.5,73.2009345794393,72.1447963800905
0.851414027,110.075916,2,20,0,20,10,309.3125,386.880994671403,311.227692307692,,38.2667471766472,36.8198233413019,28.5789658047603,38.597609561753,37,39.3816666666667,37.6965317919075,0,0.0885148,0.2276694,0.1707066,5.73926064774797,6.46760744972533,6.98122737160495,5.96694899975568,0.4809,0.5915,0.3685,0.5673,99.92262411,0.077241647,0,100,0,0,99.17327027,0.826630532,0,100,0,0,0.86783638,0.865995193,0.868689393,0.872356217,73.4531914893617,72.6,72.662109375,72.8338658146965
0.850189012,110.073463,2,0,0,10,0,277.393939393939,251.136690647482,233.570469798658,,23.0812750151663,21.5312978036398,20.8101752876435,38.3228346456693,37.62857143,37.9220489977728,38.1746031746032,0,0,0.1138347,0.0284511,5.88891106181675,6.60405628555699,7.1138457775116,6.07609878267561,0.4653,0.5879,0.3482,0.5628,99.69371054,0.30615589,0,100,0,0,98.84612831,1.153778408,0,100,0,0,0.873039708,0.867881596,0.875804127,0.865061308,72.9224137931035,74.2285714285714,71.1733966745843,72.9028776978417
0.848836005,110.070897,2,0,0,0,0,237.3125,250.34126984127,186.582554517134,,18.4386565834284,25.0931247170009,16.8333291608225,37.0738255033557,38,37.2462406015038,38.1139601139601,0,0,0,0.0853533,6.05725462734699,6.69353147801137,7.18354192773128,6.19543902486818,0.4339,0.5713,0.3138,0.5406,98.81857497,1.181303769,0,100,0,0,98.75328687,1.246634893,0,98.77848018,1.221519819,0,0.871666692,0.865842476,0.87690539,0.863748739,72.1142857142857,73.34375,71.0742358078603,72.2033898305085
0.846566018,110.069352,2,0,0,10,10,190.3125,282.265625,150.56043956044,,24.1203257441521,36.2278137162328,5.56457253930333,36.0592105263158,38,36.6887608069164,37.8139534883721,0,0,0,0.0569022,6.06235055665712,6.60013513596538,7.04694639031047,6.13148768742879,0.4137,0.5631,0.2926,0.5308,97.88601887,2.11386461,0,100,0,0,98.73304014,1.266880975,0,98.4559661,1.544033902,0,0.872699907,0.862468908,0.881497216,0.861813064,70.8649635036496,71.5625,65.5565610859729,71.8815789473684
0.844001994,110.068156,2,0,0,40,20,144.666666666667,370.140243902439,159.262096774194,,1.27245696927562,64.7510934864603,9.67329938301156,36,38,37.4661016949153,36.1984732824428,0,0,0.5691735,0.0284511,6.00565808159964,6.47236654061039,6.85776000792852,6.08846572868724,0.3883,0.5494,0.2702,0.5026,97.27893994,2.720921766,0,100,0,0,97.66454524,2.335362766,0,95.27532641,4.724673594,0,0.865878503,0.864211196,0.880859344,0.851309867,71.247311827957,71.9375,65.1604938271605,71.0785123966942
0.841420032,110.069784,1,40,10,30,10,148.121212121212,270.1,175.641509433962,,6.85029946674,22.4859802246094,21.5799694241218,36,36,36.9230769230769,36,0,0,0,0,5.6892154284886,5.98009801733083,6.21896354357402,5.78426089529264,0.4033,0.5715,0.288,0.5081,97.21400195,2.785874545,0,59.87497661,40.12502339,0,97.95060093,2.049305532,0,92.94125237,7.058747626,0,0.868233695,0.86676621,0.87700926,0.837591994,72.6470588235294,70.6,70.2307692307692,71.7966101694915
0.852723029,110.088167,2,30,0,10,10,457.878787878788,423.521008403361,482.7375,,15.4946521701235,31.9657959537346,45.9491490900517,39,39,38.6456692913386,38.1420118343195,0,0,0,0.0853533,4.6585001150767,3.76836247279726,3.25731063452293,4.34330941368552,0.5634,0.5617,0.5293,0.5638,85.01002052,0,14.98984271,100,0,0,83.95668199,0.886020883,15.15720913,100,0,0,0.857965666,0.867089238,0.866005056,0.870601429,64.8409090909091,64.24,71.3385826771654,72.0632911392405
0.85053904,110.090267,2,30,0,0,20,436.90625,348.038834951456,491.560126582279,,31.9786379337311,28.6581540835714,43.5704168413259,38.9112554112554,38,38.3850267379679,38.4492753623188,0,0,0.1138347,0,4.32496108114719,3.57180561154244,3.07791239172754,4.10707392347032,0.5547,0.5768,0.5109,0.576,86.93782805,0,13.06203805,100,0,0,86.916104,0.18576582,12.89803861,93.98871176,0,6.011288237,0.870272654,0.860340147,0.869766,0.874470387,70.0401146131805,70.2,71.6648841354724,69.746835443038
0.846211966,110.092692,2,0,0,20,10,403.875,245.342683851403,398.793357933579,,12.6533529758453,28.3765802707882,30.9768801180859,38.5210727969349,39,37.7588152327221,38.7590361445783,0,0.1643846,0.3415041,0,3.84088162332773,3.28674070489944,2.83495408489943,3.74909174114568,0.527,0.5788,0.4643,0.5721,91.13967097,0,8.860190647,100,0,0,87.58580142,1.696056539,10.71805167,98.68603657,0,1.313963431,0.86866609,0.866960968,0.868902182,0.857801395,71.3942969518191,,70.8469675599436,70.1636771300449
0.845155008,110.095294,2,20,0,10,10,410.588235294118,210.731026785714,413.733974358974,,22.5479824753369,24.3483504042296,32.9768558022304,38.1997084548105,39,36.302780638517,38.7703488372093,0,0.6701832,0,0.0569022,3.53367777128477,2.93265623698269,2.52049858393855,3.324921525495,0.4892,0.5543,0.4388,0.5326,88.79190111,1.318624109,9.889343631,100,0,0,82.17913395,6.104709064,11.71606838,93.58574555,0,6.414254449,0.871229437,0.864838273,0.862337933,0.875075846,70.4311649016642,73.2777777777778,69.1555097837281,71.1616766467066
0.843562027,110.097728,2,0,0,30,20,390.90625,183.72,340.024242424242,,25.6159274280071,22.940602792263,32.9348537907456,38.1565096952909,39,33.5927643784787,38.2507042253521,0,0.7207631,0,0.3983155,3.2110374041966,2.61290258375848,2.25731705612951,3.00498038061549,0.4455,0.5236,0.3958,0.498,77.56362232,6.502105916,15.93412898,100,0,0,74.58570549,13.86164329,11.55255256,94.12337593,0,5.876624065,0.865099352,0.869545157,0.867781933,0.864462657,69.4529085872576,72.9714285714286,65.0482374768089,70.7830985915493
0.841314001,110.099359,2,30,0,40,10,301.75,147.08814270724,248.248407643312,,38.3135792762041,17.9883648417929,34.2144405536211,35.9089574155654,38.05882353,33.47711781889,38.1928783382789,0,0.5184436,0.6830082,1.7355176,2.92470960319042,2.35463214270694,2.00264068738627,2.73018890992919,0.3879,0.486,0.323,0.4538,67.24489844,16.88630479,15.8686623,99.87880816,0,0.121191837,65.67195967,23.2211594,11.10679268,81.71033342,8.903472913,9.386193669,0.857691071,0.869131448,0.863571162,0.86944663,66.4787077826725,71.2058823529412,63.1538461538462,67.646884272997
0.839508958,110.101738,2,20,0,30,10,230.142857142857,134.235521235521,183.323353293413,,31.9423704283578,15.0042976230153,27.4824441423316,33.6179624664879,38,32.5539568345324,38.0027247956403,0,0.4678637,1.9351898,1.4510065,2.60408832686288,1.99950696444064,1.64419929247471,2.39671511676071,0.3437,0.4384,0.2921,0.4051,51.6608169,32.91498208,15.42405779,42.90075158,20.34985635,36.74939207,54.3166311,35.91125313,9.772011497,48.4716898,28.49873845,23.02957174,0.868702486,0.859978952,0.865556658,0.86387143,62.760053619303,70.1081081081081,60.9424460431655,66.9645776566757
0.836844016,110.103058,2,0,0,70,0,103.774193548387,126.202369200395,167.278443113772,,2.87088892152233,14.3773439233536,22.1294086323884,32.7806539509537,38,23.0850869167429,35.8222222222222,0,0.4425738,5.8055696,0.9957888,2.34135743089624,1.79147548577557,1.46261571517508,2.1466034627623,0.2754,0.383,0.2167,0.3446,36.85867166,49.26410206,13.87706482,11.87528376,42.21211359,45.91260265,43.42035039,47.88053532,8.69901342,19.37032158,60.13791088,20.49176754,0.863280389,0.848426073,0.860909851,0.867783804,62.0940054495913,65,60.7529734675206,63.6416666666667
0.834633959,110.105135,2,0,20,90,0,180.064516129032,119.258653846154,152.971181556196,,23.3378350580892,18.3023921179657,19.0597928990892,31.1617647058824,36.22222222,15.6539485359361,32.5706521739131,0,1.1001121,4.211884,0.8819844,2.02186926773616,1.40250626620762,1.0539937232184,1.80056839468687,0.23,0.3236,0.19,0.2883,19.18906822,68.91083512,11.90001951,0,100,0,31.32638712,60.73923713,7.93426963,5.330796129,84.45457946,10.21462441,0.860940073,0.868406676,0.855021028,0.862761733,59.966577540107,61.3888888888889,59.6610470275067,58.1005434782609
0.877575036,110.110446,2.5,0,0,50,10,236.375,283.355920114123,244.821648216482,,11.0421460624784,19.6171907142124,17.0241585072556,36.8997722095672,37,34.0998677248677,37.2699316628702,0,2.0990641,0,2.2476373,4.30216518044472,4.32754861354964,4.34956576051109,4.330055201475,0.7207,0.7494,0.6922,0.7365,92.64006319,7.359804691,0,100,0,0,93.1668431,6.774327087,0.058741451,100,0,0,0.859892681,0.857269349,0.859549549,0.851030752,72.620728929385,74.03125,72.6624338624339,73.8405466970387
0.882911962,110.08752,2,50,0,20,0,517.617647058824,950.329128440367,634.327922077922,,17.0243945332134,34.9935474130539,69.1761788238179,12.3755795981453,36,19.1764705882353,17.4431137724551,0,0.1011597,4.0980492,0.9673377,6.72537287543802,6.45449604190909,6.26134333263373,6.66399727895588,0.0928,0.1155,0.0858,0.1011,29.28326908,3.552922392,67.16367383,0,0,100,52.8228142,1.610784379,45.56631696,0,1.820377592,98.17962241,0.84308642,0.872758221,0.824344174,0.853701083,65.0097402597403,70.3225806451613,66.4590163934426,65.4827586206897
0.879101967,110.108008,2,0,0,20,20,249.5625,356.268264840183,266.675757575758,,20.0729740448296,19.6775278882485,16.9584544432886,35.5049365303244,37,28.1551540913921,36.6317280453258,0,0,0,0,4.61618873051235,5.26567824277501,5.7740456583147,4.88286289885091,0.4676,0.662,0.3407,0.5821,98.03100782,1.968866275,0,100,0,0,92.42527472,5.710441615,1.864189293,100,0,0,0.860479541,0.864206248,0.854418108,0.859330472,73.0282087447109,74.5588235294118,71.795232936078,73.5014164305949
0.879879976,110.105202,2,0,0,10,10,263.78125,401.732833957553,291.51376146789,,13.0742346420884,25.4007368616844,19.3759928451401,29.0192837465565,37,26.0138888888889,36.6910112359551,0,0,0,0,4.91245433446523,5.52194278407458,6.05543424026596,5.15854865028745,0.3866,0.5693,0.2601,0.4928,99.59034384,0.001419342,0.408106247,100,0,0,90.54850627,2.928411618,6.522997354,100,0,0,0.861826541,0.866206415,0.865400941,0.865902761,71.7520661157025,73.6486486486487,69.7407912687585,73.3904494382023
0.881496007,110.103046,2,0,0,10,30,300.9375,402.255466052934,319.948553054662,,19.1086765825748,27.4376470852639,23.3926459974415,27.5067466266867,37,27.8450106157113,36.0731707317073,0,0.012645,0,0,5.21126044763101,5.87898898446399,6.08537705739339,5.49090020104152,0.3137,0.4837,0.2271,0.4075,96.55166706,0,3.448201493,100,0,0,87.37956617,0.859825011,11.76051567,100,0,0,0.858308058,0.86385235,0.864592786,0.864242515,70.6426332288401,73.5945945945946,69.3688622754491,72.5884146341464
0.883083036,110.100684,2,0,0,10,10,337.935483870968,451.813684210526,344.087774294671,,26.3634061813355,26.6508340657385,20.838918109112,27.6571834992888,37,20.8643067846608,29.3094555873926,0,0.1517396,0,0,5.52657908863491,6.1146965488749,6.05717585307842,5.79684554804926,0.2514,0.3972,0.1834,0.3305,90.73438887,0,9.265476779,100,0,0,81.77785853,0.252785611,17.96926292,96.40593169,0,3.594068315,0.863140095,0.859315662,0.866695479,0.871787575,69.9604430379747,72.9142857142857,70.4837587006961,71.968115942029
0.883730035,110.098066,2,10,0,20,30,353.393939393939,554.513513513514,392.116883116883,,21.4587824922619,44.0495951525193,24.0917321998965,25.4751879699248,25.625,15.8568329718004,26.5815384615385,0,0.3034792,0,0,5.80362245440483,6.18929309673138,6.16401255722952,6.05906116998888,0.1943,0.3205,0.1391,0.2605,80.90722789,0,19.09263717,79.10318258,0,20.89681742,74.24313316,0.167794552,25.58899105,80.46222733,0,19.53777267,0.870035526,0.86963785,0.863859746,0.852168666,67.8454706927176,73.125,66.71870604782,69.7006578947368
0.882738037,110.09531,2,0,0,10,10,420.057142857143,771.346820809249,459.858006042296,,23.7665248325893,81.522818190514,22.0550289352135,19.6094839609484,24,23.4450402144772,24.875,0,1.0242423,0,0.3698644,5.98331639426095,6.26293164274606,6.51563729690899,6.14570793135917,0.175,0.259,0.1065,0.218,64.11321123,0,35.88665339,9.749389121,0,90.25061088,62.22753765,0.60266387,37.16971267,58.41124802,0,41.58875198,0.874879147,0.871459018,0.858369885,0.874172136,67.0589353612167,70.1944444444445,65.9600997506234,67.9084967320261
0.88157597,110.092571,2,0,0,10,10,493.15625,1013.54573643411,504.280597014925,,15.3560031950474,60.0536808446396,21.8910105338737,23.9016393442623,24,25.0819209039548,29.1487603305785,0,0.2655443,0.2276694,0.9104354,6.16806107097202,6.41557360020256,6.70702844511533,6.33214313951257,0.15,0.2026,0.093,0.1703,43.48162288,0.441586975,56.07666803,44.91184454,0,55.08815546,52.60490607,1.610784379,45.78422563,34.32526985,0,65.67473015,0.865536867,0.874337178,0.847643619,0.885305451,65.8037190082645,71.0833333333333,61.5233918128655,63.271186440678
0.881095016,110.089589,2,10,0,30,20,501.727272727273,1067.91276864728,564.113043478261,,10.3469193631952,33.1021535216481,38.7298715833305,27.0892143808256,35,24.387323943662,33.1707317073171,0,0.2023195,1.2521816,1.9346753,6.42455491754744,6.64184061177572,6.73275593580774,6.61209642467137,0.1139,0.1491,0.0865,0.1245,27.64653206,2.316224199,70.03711461,0,0,100,48.50442802,1.610784379,49.88470762,13.50259956,0.960809099,85.53659134,0.85406249,0.878565497,0.800543488,0.87207417,64.6435643564357,65.2777777777778,63.8560606060606,63.3512396694215
0.875631021,110.112471,2,60,0,10,10,230.5,260.477005347594,260.182389937107,,18.0977167077363,20.6175323520752,24.6842495173028,31.9316860465116,38,30.1188118811881,38.0728862973761,0,0.2908342,0.6830082,1.2802999,3.98912948199681,3.40286211753547,3.03390273944089,3.77873917235885,0.8992,0.8243,0.8958,0.8609,88.25811094,11.74175955,0,100,0,0,93.10214693,6.897762155,0,97.81888526,2.181114742,0,0.851929019,0.859087409,0.863992346,0.855792575,69.2572674418605,74.6857142857143,73.450495049505,72.3411078717201
0.875004977,110.115364,2,0,0,40,10,245.727272727273,256.498513379584,248.19578313253,,27.3122256307891,17.4598688147704,19.2278221475791,36.851150202977,38.59459459,36.2495412844037,38.3626373626374,0,0.2908342,3.1873715,1.3941042,3.70161350353344,3.20513696786834,2.92519763421881,3.53483509625474,0.914,0.8872,0.8704,0.9073,85.43262398,14.56722408,0,100,0,0,93.10214856,6.897762155,0,85.59949813,14.40050187,0,0.855746461,0.85494665,0.858218731,0.84227798,72.7185385656292,73.4864864864865,74.0119266055046,68.0082417582418
0.874205008,110.118217,2,50,0,20,10,215.71875,250.387317073171,231.618768328446,,6.33184993825853,19.4193269987804,20.2811113220156,37.7527322404372,39,36.9116321009919,38.6353591160221,0,0.2276094,3.5288756,0.3414133,3.4179053372807,2.91795868016728,2.654019350521,3.23868857467799,0.916,0.9311,0.8455,0.9388,85.71990918,14.2799742,0,93.59038984,6.409610157,0,93.05530994,6.944603864,0,73.20320141,26.79679859,0,0.86304916,0.848311429,0.860459502,0.869501046,73.5437158469945,68.5555555555556,73.4815148782687,66.5883977900553
0.873367991,110.121007,2,30,10,30,10,200.78125,246.312190287413,259.172727272727,,7.54175616055727,18.3168927706387,20.7458414989891,37.3512396694215,39,36.2775208140611,38.3732590529248,0,0.1011597,4.3257184,0.6828266,3.13049182376346,2.64779568971605,2.38769606911406,2.96061523466803,0.8955,0.9542,0.8011,0.9462,86.47591024,13.52395999,0,82.51876391,17.48123609,0,92.8391762,7.160729122,0,75.72452529,24.27547471,0,0.855972523,0.849709252,0.862820213,0.872207232,73.9297520661157,70.1351351351351,73.72710453284,73.1559888579387
0.870650997,110.122485,2,0,0,40,40,296.757575757576,250.18903036239,276.697406340058,,9.31390292355509,19.8081068137367,18.8164756023231,37.4386920980926,39,21.7495446265938,38.2354497354497,17.0930271,0.4552188,0.5691735,0.3414133,2.80316795905431,2.23910954468915,1.91740507297758,2.61110663350592,0.8982,0.9693,0.7957,0.9569,91.05143592,8.948435826,0,65.27906804,34.72093196,0,91.67732616,8.322584801,0,92.16506893,7.834931068,0,0.859450645,0.861423623,0.863694478,0.869087905,73.1267029972752,74.4444444444445,72.1384335154827,73.7354497354497
0.86798396,110.123876,2,0,0,10,20,313.15625,236.140776699029,271.358823529412,,12.7423207052052,28.6105801995518,17.2685306277345,34.4584450402145,37.52777778,14.5152603231598,37.1748633879781,0,0.6954731,3.8703797,0.6259243,2.48759038107736,1.9621445125437,1.674036142423,2.29545259605991,0.852,0.9615,0.7309,0.9355,94.05755803,5.942307361,0,100,0,0,90.24830756,9.751603955,0,95.2850238,4.714976203,0,0.863300226,0.847318197,0.863297012,0.855563584,73.4008042895442,74.4166666666667,72.2001795332136,72.3387978142077
0.865210975,110.124858,2,0,0,20,20,288.53125,215.779644268775,278.018292682927,,14.947822406888,28.825927000213,17.8273228377831,15.0468965517241,36,13.7664835164835,36.7098591549296,19.941864,0.9483725,0.4553388,0.7681799,2.19370843342372,1.72060442499177,1.47438758573401,2.02124268782205,0.7935,0.9348,0.6606,0.8967,94.59466904,5.405176099,0,92.7351551,7.264844905,0,87.67157872,12.32833352,0,96.668829,3.331171,0,0.860604763,0.855221406,0.858018285,0.814773762,72.568275862069,70.6571428571429,68.7875457875458,73.374647887324
0.862325002,110.124087,2,0,60,100,90,282.03125,196.059837728195,242.718562874252,,16.4085154123604,21.9644853122699,24.2941548572686,5.41953232462173,36.42857143,10.2730696798493,24.9369863013699,2.8488379,1.0495322,2.2766941,1.2518487,2.066881275177,1.90519100911352,1.82755579118899,2.03078442878193,0.7601,0.904,0.6334,0.8638,87.65909476,12.34079773,0,94.79031852,5.209681482,0,83.33469626,16.46571517,0.199505302,92.15218615,7.847813854,0,0.862330601,0.865777277,0.857714515,0.8314848,69.1182943603852,64.7142857142857,67.819209039548,72.3452054794521
0.859421007,110.124018,2,0,0,30,20,273.085714285714,203.238522954092,206.684848484848,,21.5450451714652,22.8472212089036,25.6028797418782,3.41159830268741,11.16666667,18.6862745098039,1.60623229461756,22.7907028,0.5943134,3.7565451,2.1622841,1.91447749071651,1.6690935877847,1.5580318021176,1.83059378879171,0.6737,0.8495,0.5427,0.7939,76.08451015,23.90588241,0.009483754,61.72264817,38.27735183,0,78.31032986,21.44018959,0.249390543,81.25926761,18.74073239,0,0.847944901,0.860142477,0.864214791,0.869368896,65.946251768034,64.3888888888889,68.37441643324,70.2011331444759
0.882353978,110.122419,2,0,0,10,10,250.75,263.334463755829,248.744498777506,,17.3440238181502,14.9133612546895,12.7022912712144,36.371028540657,37,36.7919779787652,36.5800227014756,0,0,2.8458674,0.25606,3.83075969749027,3.97554308015641,3.91670393560447,3.85512479957269,0.6598,0.7826,0.5253,0.7724,86.12621824,13.87364345,0,100,0,0,93.09685465,6.903066879,0,90.22834378,9.771656224,0,0.859744111,0.855785309,0.863259511,0.859510281,74.495422724825,74.2571428571429,74.3739677546205,73.1975028376845
0.88144999,110.125214,2,0,0,10,0,233.75,221.97423510467,224.896656534954,,9.70300336182117,12.0324144309654,9.55034573480351,36.7757009345794,36,36.4406528189911,36.0840336134454,0,0.0632248,0.6830082,0,3.58727873696221,3.10005866018813,2.75990710058911,3.42678322244425,0.6579,0.7904,0.5146,0.7761,88.32750825,11.67236057,0,100,0,0,92.87715333,7.12274578,0,98.68445234,1.315547657,0,0.863476672,0.856341825,0.863631971,0.857940659,73.4485981308411,74.6944444444445,73.3605341246291,74.1036414565826
0.881715026,110.128107,2,0,0,10,0,224.9375,233.553240740741,229.024464831804,,10.763021318242,12.9865166399352,15.692025024592,36.55587808418,36,36.2119914346895,36.2760563380282,0,0.1643846,0,0.0569022,3.47123418535505,2.91439795841123,2.58305249694587,3.2971287409911,0.5855,0.7464,0.4402,0.6984,96.17826506,3.821589056,0,100,0,0,92.91380138,7.086099921,0,100,0,0,0.86384767,0.858602173,0.863120482,0.848754907,72.9346879535559,74,73.5781584582441,73.6338028169014
0.87925896,110.129857,2,0,0,10,10,219.181818181818,199.520325203252,202.936936936937,,10.9253006577492,14.9989888539644,23.8679822948244,35.8801652892562,36,35.504835589942,36.9267605633803,0,0.4552188,0,0.3414133,3.15194960435232,2.46085486540923,2.05968351263072,2.92181878263543,0.6494,0.7695,0.4876,0.7709,97.28277481,2.717087943,0,100,0,0,92.35306947,7.646839543,0,100,0,0,0.867670343,0.868882833,0.861016269,0.862813312,74.1239669421488,74.3142857142857,72.4294003868472,73.374647887324
0.878774989,110.132646,2,0,0,20,10,190.272727272727,226.58924205379,186.34375,,17.0959561340737,18.7142367474462,12.9205182677135,35.8625377643505,36.97142857,35.9236812570146,36.5071633237822,0,0.6322483,0.9106776,0.4836688,2.9967887197222,2.29444776777054,1.88698445614678,2.75634165456041,0.5413,0.7164,0.3871,0.6615,97.84960294,2.150271654,0,100,0,0,93.54741204,6.34139646,0.111100092,96.98684751,3.013152488,0,0.862700836,0.86633621,0.862943528,0.863257434,73.3308157099698,72.0857142857143,72.4523007856341,72.2664756446991
0.878734002,110.135501,2,0,0,10,0,177.878787878788,230.56223628692,196.574468085106,,8.67483243436524,15.947506291894,14.795569814266,35.6994382022472,37,35.9862745098039,36.5158501440922,0,0.3287691,0.5691735,1.1949465,2.7805761066643,2.08803665621251,1.69893590099891,2.52286426272104,0.44,0.6355,0.3047,0.5702,94.97007265,5.029799848,0,100,0,0,94.55107041,5.018916501,0.429935459,96.29035745,3.709642553,0,0.862472981,0.865965564,0.854992021,0.865128777,72.6558988764045,72.1428571428571,71.1198738170347,73.9769452449568
0.877579981,110.138074,2,0,0,10,20,175.0625,226.863636363636,197.239747634069,,7.69481913745403,24.0607289297882,15.9726147741925,35.4298118668596,37,35.5245398773006,35.6086956521739,0,0.4678637,1.5936857,1.1095932,2.50059492886066,1.78099804582623,1.34942879523236,2.24340829725568,0.4062,0.5741,0.2714,0.5176,91.64257805,7.920059779,0.437226456,100,0,0,91.56891359,7.064921988,1.366065841,91.87458778,8.125412224,0,0.863321167,0.862304755,0.807748433,0.866430053,72.3181148748159,75.6875,67.7628415300547,72.5826086956522
0.874772966,110.138856,2.5,0,0,30,0,181.529411764706,205.317901234568,171.618902439024,,13.1581858659492,23.4640693682027,9.66920079436244,35.1362229102167,35,31.5255681818182,35.0112676056338,0,0.6448933,6.7162471,0.7112777,2.33766808509827,1.61117610381484,1.13785629284264,2.08642705892905,0.4993,0.5788,0.3223,0.5745,87.60579618,10.58991913,1.804179212,81.19399217,18.80600783,0,88.33948266,9.567514583,2.092922352,77.97297192,22.02702808,0,0.85779267,0.857837288,0.841428817,0.855846882,71.0179153094463,73.7777777777778,68.8725038402458,72.0535211267606
0.873686001,110.14138,2,20,20,40,30,158.6875,208.010158013544,191.722222222222,,0.747298426926136,15.2070651678011,16.2631946868367,34.7026194144838,35,27.0073684210526,35.0960960960961,65.5232697,0.391994,3.5288756,0.8819844,2.13094860798604,1.37605111496107,0.969814773656853,1.83549308490467,0.3023,0.4953,0.1976,0.427,82.63205118,14.12078265,3.247034543,7.375502296,92.6244977,0,85.24163455,12.50558715,2.252700638,69.30583757,28.85887093,1.835291502,0.811379058,0.859650994,0.857739693,0.807727174,67.1177536231884,71.6111111111111,68.15165336374,71.4234234234234
0.871930998,110.107091,2,0,0,20,10,343.25,295.621276595745,349.986906710311,,32.634674474597,33.0552839007783,25.6319467984323,24.5307621671258,35.77142857,7.8062015503876,33.9242424242424,0,0,0,0,4.23282621928624,4.22136391185245,3.54676922100527,4.26874596711361,0.6665,0.7186,0.7406,0.6988,99.72304728,0.276818683,0,100,0,0,90.84586667,2.55140734,6.602640689,100,0,0,0.870657555,0.872194966,0.871790747,0.871960088,72.9871441689624,73.0857142857143,73.453488372093,73.4106060606061
0.871179979,110.104382,2,0,0,10,10,396.818181818182,266,419.98738170347,,29.391333955707,25.4070544242859,26.3837315648888,13.8754578754579,32,20.1176470588235,33.2,0,0,0,0,4.45527038058719,4.78989231240922,3.58374465213103,4.64972198009491,0.5104,0.645,0.6936,0.579,93.50236095,0,6.497493439,100,0,0,86.62160863,0.209008255,13.16929182,100,0,0,0.870832943,0.872776876,0.871066283,0.872532727,68.5148148148148,73.6756756756757,73.6470588235294,73.0176470588235
0.869965022,110.101846,2,30,0,10,10,434.03125,267.625,479.775316455696,,16.1416526585817,20.9702401906252,36.1811954296088,15.2535211267606,32,27.1428571428571,28.8152492668622,0,0,0,0.1138044,4.64463679492474,4.89936927674522,3.59436142444611,4.80977871970347,0.471,0.5793,0.6824,0.521,81.24180849,0,18.75806027,100,0,0,78.49645586,0.844725905,20.65872534,98.89930122,0,1.100698785,0.852746493,0.873404612,0.869580737,0.865674386,69.030612244898,74.125,75.4285714285714,71.1466275659824
0.86776997,110.103716,2,10,0,10,10,429.03125,265.479381443299,387.514522821577,,22.4380848258734,29.721099558872,28.5375426777666,20.3202416918429,36.125,10.5258215962441,32.6352941176471,0,0,0,0,4.34475782513618,3.73368038829551,3.38254495293881,4.1564580779227,0.7137,0.6489,0.6876,0.6741,89.71101091,0,10.28887075,100,0,0,82.72685984,0.494467741,16.77858413,100,0,0,0.870904164,0.874769593,0.875913472,0.872047309,73.3716012084592,74.0625,72.5399061032864,72.9137254901961
0.86624396,110.106308,2,0,0,20,10,369.1875,255.700729927007,345.461267605634,,32.9869098216295,31.2656746084673,35.0520305545397,7.38888888888889,33.77777778,2.08219178082192,10.1892744479495,0,0,0,0,4.00593096017838,3.35994516073117,3.16420199936383,3.77445553224298,0.7753,0.7237,0.6633,0.758,99.23479459,0,0.765078764,100,0,0,89.03414726,1.324382815,9.641385467,100,0,0,0.87057153,0.869583824,0.874616598,0.871970157,73.4642857142857,73.6666666666667,72.5616438356164,73.7728706624606
0.864286032,110.108389,2,10,0,10,10,330.484848484849,227.032786885246,296.876543209877,,23.2163886409817,32.8092575639975,22.1995204497635,7.37899543378995,0,5.0763358778626,3.87755102040816,0,0,0,0.3414133,3.70335181554159,3.19673411504011,2.9097350600994,3.4953363031063,0.7409,0.7696,0.6322,0.7886,99.06500277,0.934861525,0,100,0,0,92.40315539,3.758099577,3.838661552,100,0,0,0.867288897,0.86992469,0.870308345,0.867228551,72.958904109589,73.3888888888889,73.4351145038168,73.1836734693878
0.862643011,110.110856,2,0,0,20,10,296.84375,203.268817204301,266.58630952381,,20.4322735685855,28.9061734035451,21.9656652943009,1.8364312267658,0,34.6464646464646,0.532786885245902,0,0,0,0.0853533,3.37016365868705,2.95733793841468,2.63423974586256,3.1682115608816,0.7084,0.809,0.5962,0.8198,95.92001671,4.079852532,0,100,0,0,91.55420475,8.081031919,0.364673707,100,0,0,0.870034924,0.869468865,0.871924807,0.865964414,69.6579925650558,72.6,67.7171717171717,73.6284153005465
0.860795975,110.113256,2,0,0,10,10,270.058823529412,148.594339622642,215.330434782609,,15.5843307165539,22.8436614657348,24.8350366196771,0,0,34.646017699115,14.8369565217391,0,0.012645,1.4798511,0.3698644,3.03784686989254,2.74420744934861,2.35211501712293,2.84526974463527,0.6726,0.8245,0.5533,0.8199,88.73985034,11.10325372,0.15676599,100,0,0,84.77301026,14.92792189,0.298977414,91.5135528,8.486447199,0,0.8522123,0.863192392,0.863454603,0.874601376,71.2479674796748,74.6,63.0442477876106,71.5135869565217
0.859052036,110.11569,2,0,0,50,10,222.484848484849,140.54347826087,173.066246056782,,35.6340425664728,19.5167905014494,23.3828611969948,17.7102803738318,3.162162162,33.64,8.98250728862974,2.8488379,0.2276094,1.138347,0.6543755,2.71532406033696,2.43279047566791,2.05765466054281,2.52879278540961,0.6349,0.8218,0.5048,0.8043,78.94576803,20.61586281,0.438239526,49.6939072,50.3060928,0,77.87319535,21.30113414,0.825577053,74.60852115,25.39147885,0,0.861157012,0.860386784,0.865623014,0.871393205,69.3878504672897,69.7027027027027,64.7533333333333,65.2536443148688
